Date,Price,Open,High,Low,Vol.,Change %
4-Jan-16,36.76,37.6,38.39,36.33,431.99K,-0.76%
5-Jan-16,35.97,36.9,37.1,35.74,410.13K,-2.15%
6-Jan-16,33.97,36.18,36.39,33.77,563.81K,-5.56%
7-Jan-16,33.27,34.09,34.26,32.1,617.41K,-2.06%
8-Jan-16,33.16,33.3,34.34,32.64,596.50K,-0.33%
11-Jan-16,31.41,32.94,33.2,30.88,648.64K,-5.28%
12-Jan-16,30.44,31.11,32.21,29.93,627.22K,-3.09%
13-Jan-16,30.48,30.54,31.71,30.1,637.90K,0.13%
14-Jan-16,31.2,30.6,31.77,30.28,537.91K,2.36%
15-Jan-16,29.42,31.18,31.18,29.13,329.09K,-5.71%
17-Jan-16,29.75,30.68,30.68,29.36,-,1.10%
18-Jan-16,30.02,29.76,30.88,29.67,-,0.94%
19-Jan-16,28.46,29.2,30.21,28.21,188.03K,-5.21%
20-Jan-16,26.55,28.33,28.58,26.19,32.11K,-6.71%
21-Jan-16,29.53,28.35,30.25,27.87,694.04K,11.22%
22-Jan-16,32.19,29.84,32.35,29.53,636.57K,9.01%
25-Jan-16,30.34,32.05,32.74,29.68,606.89K,-5.75%
26-Jan-16,31.45,29.81,32.41,29.25,642.43K,3.66%
27-Jan-16,32.3,30.55,32.84,30.14,738.55K,2.70%
28-Jan-16,33.22,32.19,34.82,31.74,833.38K,2.85%
29-Jan-16,33.62,33.7,34.4,32.65,618.11K,1.20%
1-Feb-16,31.62,33.83,34.18,31.29,595.61K,-5.95%
2-Feb-16,29.88,31.37,31.53,29.57,602.56K,-5.50%
3-Feb-16,32.28,29.75,32.75,29.4,811.70K,8.03%
4-Feb-16,31.72,32.71,33.6,31.53,696.72K,-1.73%
5-Feb-16,30.89,31.64,32.45,30.63,616.53K,-2.62%
8-Feb-16,29.69,30.97,31.38,29.57,603.65K,-3.88%
9-Feb-16,27.94,30.17,30.61,27.74,738.22K,-5.89%
10-Feb-16,27.45,28.36,29.22,27.24,781.28K,-1.75%
11-Feb-16,26.21,27.34,27.48,26.05,795.97K,-4.52%
12-Feb-16,29.44,27.3,29.66,26.95,675.16K,12.32%
14-Feb-16,29.08,29.06,29.18,28.97,-,-1.24%
15-Feb-16,30.6,29.08,30.69,28.97,-,5.26%
16-Feb-16,29.04,29.08,31.53,28.7,651.96K,-5.11%
17-Feb-16,30.66,29.14,31.49,28.73,578.64K,5.58%
18-Feb-16,30.77,31.35,31.98,30.27,225.50K,0.36%
19-Feb-16,29.64,30.6,30.73,29.05,103.20K,-3.67%
22-Feb-16,31.48,29.72,32.05,29.48,26.32K,6.21%
23-Feb-16,31.87,33.34,33.53,31.22,539.38K,1.24%
24-Feb-16,32.15,31.28,32.4,30.56,652.25K,0.88%
25-Feb-16,33.07,32.19,33.49,31.07,611.87K,2.86%
26-Feb-16,32.78,33.04,34.69,32.64,646.29K,-0.88%
29-Feb-16,33.75,32.72,33.98,32.32,512.47K,2.96%
1-Mar-16,34.4,33.9,34.76,33.37,566.23K,1.93%
2-Mar-16,34.66,33.89,35.17,33.55,597.83K,0.76%
3-Mar-16,34.57,34.73,35.32,34.19,512.96K,-0.26%
4-Mar-16,35.92,34.66,36.34,34.4,578.29K,3.91%
7-Mar-16,37.9,36.2,38.11,36.09,709.87K,5.51%
8-Mar-16,36.5,37.94,38.39,36.12,706.93K,-3.69%
9-Mar-16,38.29,36.36,38.51,36.24,740.63K,4.90%
10-Mar-16,37.84,38.17,38.48,37.21,701.44K,-1.18%
11-Mar-16,38.5,37.99,39.02,37.92,564.79K,1.74%
14-Mar-16,37.18,38.17,38.77,36.68,489.94K,-3.43%
15-Mar-16,36.34,37.37,37.4,35.96,446.10K,-2.26%
16-Mar-16,38.46,36.74,38.63,36.61,494.17K,5.83%
17-Mar-16,40.2,38.59,40.36,38.47,298.01K,4.52%
18-Mar-16,39.44,40.25,41.2,39.15,130.15K,-1.89%
21-Mar-16,39.91,39.06,40.3,38.61,31.92K,1.19%
22-Mar-16,41.45,41.59,41.9,40.77,463.69K,3.86%
23-Mar-16,39.79,41.19,41.34,39.67,492.00K,-4.00%
24-Mar-16,39.46,39.73,39.77,38.33,495.17K,-0.83%
28-Mar-16,39.39,39.55,40.14,38.86,299.78K,-0.18%
29-Mar-16,38.28,39.32,39.48,37.91,488.03K,-2.82%
30-Mar-16,38.32,38.52,39.85,38.14,542.47K,0.10%
31-Mar-16,38.34,38.3,39.04,37.57,532.15K,0.05%
1-Apr-16,36.79,38.14,38.56,36.63,547.19K,-4.04%
4-Apr-16,35.7,36.61,37.21,35.46,549.48K,-2.96%
5-Apr-16,35.89,35.5,36.58,35.24,485.54K,0.53%
6-Apr-16,37.75,36.52,37.9,36.43,751.05K,5.18%
7-Apr-16,37.26,37.76,38.3,36.69,626.75K,-1.30%
8-Apr-16,39.72,37.52,39.84,37.45,817.23K,6.60%
11-Apr-16,40.36,39.72,40.75,39.25,679.35K,1.61%
12-Apr-16,42.17,40.35,42.25,40.09,796.84K,4.48%
13-Apr-16,41.76,41.63,42.42,41.24,730.44K,-0.97%
14-Apr-16,41.5,41.54,42.16,40.84,488.61K,-0.62%
15-Apr-16,40.36,41.43,41.73,39.98,520.15K,-2.75%
18-Apr-16,39.78,38.75,40.24,37.61,342.46K,-1.44%
19-Apr-16,41.08,40.04,41.53,39.58,101.73K,3.27%
20-Apr-16,42.63,40.8,42.91,39.85,30.09K,3.77%
21-Apr-16,43.18,43.97,44.49,43.05,671.10K,1.29%
22-Apr-16,43.73,43.42,44.45,43.11,575.11K,1.27%
25-Apr-16,42.64,43.75,44.04,42.58,606.38K,-2.49%
26-Apr-16,44.04,42.96,44.83,42.5,564.39K,3.28%
27-Apr-16,45.33,44.64,45.62,43.77,648.03K,2.93%
28-Apr-16,46.03,45.3,46.14,44.94,487.41K,1.54%
29-Apr-16,45.92,45.9,46.78,45.24,598.44K,-0.24%
2-May-16,44.78,45.9,46.15,44.54,464.03K,-2.48%
3-May-16,43.65,44.92,45.35,43.32,625.55K,-2.52%
4-May-16,43.78,43.85,44.88,43.22,711.13K,0.30%
5-May-16,44.32,44.04,46.07,43.96,746.16K,1.23%
6-May-16,44.66,44.52,45.34,43.54,695.31K,0.77%
9-May-16,43.44,45,45.94,43.24,767.57K,-2.73%
10-May-16,44.66,43.25,44.79,43.03,709.42K,2.81%
11-May-16,46.23,44.6,46.36,43.96,869.96K,3.52%
12-May-16,46.7,46,47.02,45.61,715.10K,1.02%
13-May-16,46.21,46.41,46.49,45.75,519.36K,-1.05%
16-May-16,47.72,46.28,47.98,46.15,550.86K,3.27%
17-May-16,48.31,47.9,48.76,47.53,470.44K,1.24%
18-May-16,48.19,48.53,48.95,47.75,343.18K,-0.25%
19-May-16,48.16,47.87,48.28,46.73,108.82K,-0.06%
20-May-16,47.75,48.2,48.79,47.44,28.52K,-0.85%
23-May-16,48.08,48.46,48.5,47.4,475.45K,0.69%
24-May-16,48.62,48.08,49.27,47.64,475.97K,1.12%
25-May-16,49.56,49.09,49.75,48.65,550.50K,1.93%
26-May-16,49.48,49.7,50.21,49.22,488.47K,-0.16%
27-May-16,49.33,49.31,49.6,48.69,406.39K,-0.30%
29-May-16,49.58,49.54,49.71,49.54,-,0.51%
30-May-16,49.51,49.56,49.75,49.08,-,-0.14%
31-May-16,49.1,49.54,50.1,48.81,476.99K,-0.83%
1-Jun-16,49.01,48.82,49.25,47.75,568.84K,-0.18%
2-Jun-16,49.17,48.9,49.47,47.97,564.85K,0.33%
3-Jun-16,48.62,49.04,49.41,48.33,481.03K,-1.12%
6-Jun-16,49.69,48.88,49.9,48.71,450.47K,2.20%
7-Jun-16,50.36,49.71,50.53,49.44,542.25K,1.35%
8-Jun-16,51.23,50.41,51.62,50.32,656.42K,1.73%
9-Jun-16,50.56,51.45,51.67,50.23,560.72K,-1.31%
10-Jun-16,49.07,50.47,50.73,48.8,596.12K,-2.95%
13-Jun-16,48.88,48.85,49.28,48.16,506.04K,-0.39%
14-Jun-16,48.49,48.52,48.69,47.84,456.14K,-0.80%
15-Jun-16,48.01,47.9,48.72,47.28,527.87K,-0.99%
16-Jun-16,46.21,47.45,47.75,45.91,507.91K,-3.75%
17-Jun-16,47.98,45.99,48.29,45.83,226.65K,3.83%
20-Jun-16,49.37,48.29,49.42,48.14,98.29K,2.90%
21-Jun-16,48.85,49.14,49.32,48.16,30.11K,-1.05%
22-Jun-16,49.13,50.22,50.54,48.4,569.94K,0.57%
23-Jun-16,50.11,49.08,50.23,49.08,401.89K,1.99%
24-Jun-16,47.64,50.3,50.45,46.7,649.45K,-4.93%
27-Jun-16,46.33,47.81,47.96,45.83,504.61K,-2.75%
28-Jun-16,47.85,46.59,48.18,46.54,498.85K,3.28%
29-Jun-16,49.88,48.06,50,47.98,511.48K,4.24%
30-Jun-16,48.33,49.55,49.62,48.17,508.74K,-3.11%
1-Jul-16,48.99,48.38,49.3,47.9,405.19K,1.37%
3-Jul-16,49.01,49.14,49.22,48.94,-,0.04%
4-Jul-16,48.65,49.01,49.35,48.54,-,-0.73%
5-Jul-16,46.6,49.11,49.35,46.33,609.19K,-4.21%
6-Jul-16,47.43,46.83,47.95,45.92,607.66K,1.78%
7-Jul-16,45.14,47.88,48.25,44.87,710.89K,-4.83%
8-Jul-16,45.41,45.19,45.97,44.77,583.08K,0.60%
11-Jul-16,44.76,45.07,45.77,44.42,533.66K,-1.43%
12-Jul-16,46.8,44.58,46.93,44.51,658.26K,4.56%
13-Jul-16,44.75,46.58,46.71,44.56,686.25K,-4.38%
14-Jul-16,45.68,45.14,45.8,44.95,573.76K,2.08%
15-Jul-16,45.95,45.52,46.33,45.05,430.26K,0.59%
18-Jul-16,45.24,46.12,46.14,44.86,211.39K,-1.55%
19-Jul-16,44.65,45.23,45.67,44.53,128.13K,-1.30%
20-Jul-16,44.94,44.59,45.25,43.69,29.39K,0.65%
21-Jul-16,44.75,45.65,46.09,44.52,432.97K,-0.42%
22-Jul-16,44.19,44.6,44.97,43.74,428.41K,-1.25%
25-Jul-16,43.13,44.2,44.37,42.97,389.84K,-2.40%
26-Jul-16,42.92,43.07,43.39,42.36,461.32K,-0.49%
27-Jul-16,41.92,42.66,43.2,41.68,537.39K,-2.33%
28-Jul-16,41.14,41.93,42.22,41.04,447.91K,-1.86%
29-Jul-16,41.6,41.12,41.67,40.57,478.76K,1.12%
1-Aug-16,40.06,41.35,41.88,39.82,533.02K,-3.70%
2-Aug-16,39.51,40.08,40.91,39.26,534.51K,-1.37%
3-Aug-16,40.83,39.7,41.2,39.19,655.19K,3.34%
4-Aug-16,41.93,41.16,42.08,40.43,598.84K,2.69%
5-Aug-16,41.8,41.84,42.1,41.06,550.19K,-0.31%
8-Aug-16,43.02,41.99,43.39,41.81,562.53K,2.92%
9-Aug-16,42.77,42.83,43.52,42.47,624.70K,-0.58%
10-Aug-16,41.71,42.74,43.39,41.42,676.15K,-2.48%
11-Aug-16,43.49,41.48,43.86,41.1,682.24K,4.27%
12-Aug-16,44.49,43.46,44.78,43.31,536.08K,2.30%
15-Aug-16,45.74,44.74,45.93,44.38,522.53K,2.81%
16-Aug-16,46.58,45.59,46.73,45.34,550.44K,1.84%
17-Aug-16,46.79,46.37,46.95,45.84,563.35K,0.45%
18-Aug-16,48.22,46.9,48.38,46.63,229.28K,3.06%
19-Aug-16,48.52,48.33,48.75,47.93,162.44K,0.62%
22-Aug-16,47.05,48.4,48.4,46.75,36.53K,-3.03%
23-Aug-16,48.1,47.39,48.32,46.59,623.90K,2.23%
24-Aug-16,46.77,47.59,47.74,46.45,603.50K,-2.77%
25-Aug-16,47.33,46.8,47.46,46.42,458.82K,1.20%
26-Aug-16,47.64,47.37,48.46,46.94,558.34K,0.65%
29-Aug-16,46.98,47.22,47.28,46.62,309.25K,-1.39%
30-Aug-16,46.35,46.98,47.49,46.21,464.45K,-1.34%
31-Aug-16,44.7,46.24,46.41,44.51,549.01K,-3.56%
1-Sep-16,43.16,44.85,45.08,43,605.00K,-3.45%
2-Sep-16,44.44,43.55,44.67,43.16,576.92K,2.97%
4-Sep-16,44.11,44.15,44.38,44.1,-,-0.74%
5-Sep-16,45.07,44.12,46.53,44.07,-,2.18%
6-Sep-16,44.83,44.15,46.53,43.84,932.15K,-0.53%
7-Sep-16,45.5,44.85,46.17,44.55,572.88K,1.49%
8-Sep-16,47.62,46.12,47.75,45.77,761.94K,4.66%
9-Sep-16,45.88,47.36,47.36,45.56,688.19K,-3.65%
12-Sep-16,46.29,45.57,46.51,44.72,745.02K,0.89%
13-Sep-16,44.9,46.06,46.13,44.77,657.78K,-3.00%
14-Sep-16,43.58,45,45.33,43.42,705.86K,-2.94%
15-Sep-16,43.91,43.7,44.34,43.26,537.19K,0.76%
16-Sep-16,43.03,43.71,43.75,42.74,231.19K,-2.00%
19-Sep-16,43.3,43.18,44.15,43.12,129.86K,0.63%
20-Sep-16,43.44,43.13,44.05,42.55,37.38K,0.32%
21-Sep-16,45.34,44.5,45.65,44.5,585.99K,4.37%
22-Sep-16,46.32,45.62,46.52,45.52,521.68K,2.16%
23-Sep-16,44.48,46.07,46.55,44.22,718.40K,-3.97%
26-Sep-16,45.93,44.62,46.2,44.43,527.12K,3.26%
27-Sep-16,44.67,45.62,45.96,44.19,630.76K,-2.74%
28-Sep-16,47.05,44.96,47.45,44.35,1.01M,5.33%
29-Sep-16,47.83,47.2,48.32,46.6,702.65K,1.66%
30-Sep-16,48.24,47.76,48.3,47.04,496.52K,0.86%
3-Oct-16,48.81,48.04,49.02,47.78,458.02K,1.18%
4-Oct-16,48.69,48.65,49.26,48.26,513.71K,-0.25%
5-Oct-16,49.83,49.26,49.97,49.1,520.07K,2.34%
6-Oct-16,50.44,49.65,50.63,49.33,547.92K,1.22%
7-Oct-16,49.81,50.59,50.74,49.4,618.81K,-1.25%
10-Oct-16,51.35,49.57,51.6,49.15,686.07K,3.09%
11-Oct-16,50.79,51.1,51.54,50.39,765.61K,-1.09%
12-Oct-16,50.18,50.84,51.17,49.89,533.88K,-1.20%
13-Oct-16,50.44,50,50.59,49.36,740.68K,0.52%
14-Oct-16,50.35,50.58,51.14,49.9,519.43K,-0.18%
17-Oct-16,49.94,50.23,50.58,49.47,418.72K,-0.81%
18-Oct-16,50.29,50.04,50.78,49.76,192.80K,0.70%
19-Oct-16,51.6,50.77,51.93,50.69,132.43K,2.60%
20-Oct-16,50.43,51.4,51.58,50.25,24.86K,-2.27%
21-Oct-16,50.85,50.66,51.02,50.21,551.30K,0.83%
24-Oct-16,50.52,50.85,50.98,49.62,623.40K,-0.65%
25-Oct-16,49.96,50.49,50.93,49.27,553.78K,-1.11%
26-Oct-16,49.18,49.31,50.1,48.87,679.32K,-1.56%
27-Oct-16,49.72,49.22,50.06,49,543.17K,1.10%
28-Oct-16,48.7,49.61,49.81,48.42,550.08K,-2.05%
31-Oct-16,46.86,48.25,48.74,46.63,649.24K,-3.78%
1-Nov-16,46.67,46.77,47.35,46.2,834.99K,-0.41%
2-Nov-16,45.34,46.32,46.47,44.96,674.32K,-2.85%
3-Nov-16,44.66,45.48,45.9,44.37,540.44K,-1.50%
4-Nov-16,44.07,44.63,44.87,43.57,736.69K,-1.32%
7-Nov-16,44.89,44.45,45.01,44.11,605.73K,1.86%
8-Nov-16,44.98,44.97,45.39,44.41,669.64K,0.20%
9-Nov-16,45.27,44.82,45.95,43.07,946.51K,0.64%
10-Nov-16,44.66,45.31,45.64,44.25,686.34K,-1.35%
11-Nov-16,43.41,44.35,44.63,43.03,631.14K,-2.80%
14-Nov-16,43.32,43.2,43.81,42.2,704.77K,-0.21%
15-Nov-16,45.81,43.76,46.09,43.55,706.18K,5.75%
16-Nov-16,45.57,45.77,46.41,45.03,658.17K,-0.52%
17-Nov-16,45.42,45.37,46.58,44.88,284.87K,-0.33%
18-Nov-16,45.69,44.93,45.77,44.55,155.65K,0.59%
21-Nov-16,47.49,45.83,47.8,45.77,34.92K,3.94%
22-Nov-16,48.03,48.37,49.2,47.17,826.21K,1.14%
23-Nov-16,47.96,47.94,48.43,47.4,556.86K,-0.15%
24-Nov-16,47.98,48.03,48.26,47.8,-,0.04%
25-Nov-16,46.06,47.97,48.26,45.88,465.98K,-4.00%
28-Nov-16,47.08,45.43,47.65,45.14,734.38K,2.21%
29-Nov-16,45.23,46.88,46.98,44.82,732.82K,-3.93%
30-Nov-16,49.44,45.24,49.9,45.22,1.31M,9.31%
1-Dec-16,51.06,49.07,51.8,48.98,974.81K,3.28%
2-Dec-16,51.68,51.01,51.73,50.18,667.10K,1.21%
5-Dec-16,51.79,51.46,52.42,50.93,600.78K,0.21%
6-Dec-16,50.93,50.97,51.6,50.28,642.75K,-1.66%
7-Dec-16,49.77,50.93,51.2,49.72,816.88K,-2.28%
8-Dec-16,50.84,49.88,50.98,49.61,780.06K,2.15%
9-Dec-16,51.5,50.92,51.66,50.86,652.04K,1.30%
12-Dec-16,52.83,52.58,54.51,52.18,847.03K,2.58%
13-Dec-16,52.98,52.51,53.41,52.35,638.40K,0.28%
14-Dec-16,51.04,52.45,52.78,50.67,677.96K,-3.66%
15-Dec-16,50.9,50.79,51.48,49.95,551.76K,-0.27%
16-Dec-16,51.9,51.1,52.08,50.5,252.57K,1.96%
19-Dec-16,52.12,52.15,52.52,51.51,129.99K,0.42%
20-Dec-16,52.23,52.11,52.7,51.85,26.17K,0.21%
21-Dec-16,52.49,53.56,53.79,52.32,471.99K,0.50%
22-Dec-16,52.95,52.52,53.19,52.08,393.49K,0.88%
23-Dec-16,53.02,52.68,53.28,52.26,285.17K,0.13%
26-Dec-16,53.19,53.33,53.34,53.14,-,0.32%
27-Dec-16,53.9,53.29,54.1,53.03,277.31K,1.33%
28-Dec-16,54.06,53.93,54.37,53.56,322.54K,0.30%
29-Dec-16,53.77,53.66,54.21,53.46,360.19K,-0.54%
30-Dec-16,53.72,53.87,54.09,53.41,271.09K,-0.09%
2-Jan-17,54.03,54.09,54.18,54.01,-,0.58%
3-Jan-17,52.33,54.2,55.24,52.11,727.79K,-3.15%
4-Jan-17,53.26,52.49,53.43,52.15,512.64K,1.78%
5-Jan-17,53.76,53.39,54.12,52.79,517.36K,0.94%
6-Jan-17,53.99,53.73,54.32,53.32,528.33K,0.43%
9-Jan-17,51.96,53.75,53.83,51.76,564.89K,-3.76%
10-Jan-17,50.82,51.83,52.37,50.71,632.57K,-2.19%
11-Jan-17,52.25,50.81,52.78,50.75,815.85K,2.81%
12-Jan-17,53.01,52.37,53.5,52.12,660.70K,1.45%
13-Jan-17,52.37,53.05,53.17,52.27,477.99K,-1.21%
15-Jan-17,52.45,52.53,52.56,52.39,-,0.15%
16-Jan-17,52.52,52.46,52.72,52.13,-,0.13%
17-Jan-17,52.48,52.55,53.52,52.12,606.02K,-0.08%
18-Jan-17,51.08,52.52,52.79,50.91,236.24K,-2.67%
19-Jan-17,51.37,51.39,51.87,51.02,122.59K,0.57%
20-Jan-17,52.42,51.45,52.9,51.39,-,2.04%
23-Jan-17,52.75,53.33,53.47,52.21,455.33K,0.63%
24-Jan-17,53.18,52.86,53.56,52.67,520.29K,0.82%
25-Jan-17,52.75,52.95,53.47,52.56,589.71K,-0.81%
26-Jan-17,53.78,52.96,54.06,52.79,578.07K,1.95%
27-Jan-17,53.17,53.74,54.08,52.58,495.56K,-1.13%
30-Jan-17,52.63,53.15,53.46,52.41,486.31K,-1.02%
31-Jan-17,52.81,52.6,53.56,52.24,586.68K,0.34%
1-Feb-17,53.88,52.76,53.91,52.64,577.24K,2.03%
2-Feb-17,53.54,53.57,54.34,53.35,492.55K,-0.63%
3-Feb-17,53.83,53.68,54.22,53.4,462.62K,0.54%
6-Feb-17,53.01,53.81,54.13,52.91,425.09K,-1.52%
7-Feb-17,52.17,53.14,53.24,51.63,624.06K,-1.58%
8-Feb-17,52.34,51.64,52.67,51.22,767.38K,0.33%
9-Feb-17,53,52.37,53.21,52.37,610.20K,1.26%
10-Feb-17,53.86,53.15,54.13,52.9,596.45K,1.62%
13-Feb-17,52.93,53.8,53.95,52.77,586.03K,-1.73%
14-Feb-17,53.2,52.91,53.72,52.86,493.02K,0.51%
15-Feb-17,53.11,53,53.51,52.73,463.64K,-0.17%
16-Feb-17,53.36,53.01,53.59,52.68,343.36K,0.47%
17-Feb-17,53.4,53.47,53.52,52.88,195.35K,0.07%
19-Feb-17,53.79,53.86,53.96,53.78,-,0.73%
20-Feb-17,53.97,53.78,54.24,53.73,-,0.33%
21-Feb-17,54.06,53.48,54.68,53.35,44.05K,0.17%
22-Feb-17,53.59,54.26,54.6,53.35,499.48K,-0.87%
23-Feb-17,54.45,53.91,54.94,53.87,529.88K,1.60%
24-Feb-17,53.99,54.33,54.51,53.76,395.26K,-0.84%
27-Feb-17,54.05,54.02,54.61,53.94,394.38K,0.11%
28-Feb-17,54.01,54.04,54.23,53.18,593.91K,-0.07%
1-Mar-17,53.83,53.95,54.44,53.63,491.29K,-0.33%
2-Mar-17,52.61,53.69,53.8,52.54,638.39K,-2.27%
3-Mar-17,53.33,52.58,53.39,52.55,436.36K,1.37%
6-Mar-17,53.2,53.19,53.56,52.76,503.69K,-0.24%
7-Mar-17,53.14,53.17,53.8,52.71,494.68K,-0.11%
8-Mar-17,50.28,52.79,52.92,50.05,963.39K,-5.38%
9-Mar-17,49.28,50.22,50.84,48.59,1.07M,-1.99%
10-Mar-17,48.49,49.61,50.11,48.31,796.96K,-1.60%
13-Mar-17,48.4,48.45,48.68,47.9,601.36K,-0.19%
14-Mar-17,47.72,48.45,48.79,47.09,857.71K,-1.40%
15-Mar-17,48.86,48.76,49.04,48.16,655.79K,2.39%
16-Mar-17,48.75,49.01,49.62,48.45,516.85K,-0.23%
17-Mar-17,48.78,48.79,49.2,48.6,172.34K,0.06%
20-Mar-17,48.22,48.7,48.74,47.84,142.26K,-1.15%
21-Mar-17,47.34,47.93,48.73,47.23,28.08K,-1.82%
22-Mar-17,48.04,48.16,48.32,47.01,680.85K,1.48%
23-Mar-17,47.7,48.15,48.48,47.58,499.88K,-0.71%
24-Mar-17,47.97,47.67,48.2,47.54,421.03K,0.57%
27-Mar-17,47.73,48.12,48.28,47.08,466.18K,-0.50%
28-Mar-17,48.37,47.89,48.74,47.8,502.38K,1.34%
29-Mar-17,49.51,48.47,49.63,48.38,548.62K,2.36%
30-Mar-17,50.35,49.6,50.47,49.27,580.67K,1.70%
31-Mar-17,50.6,50.32,50.85,49.9,527.61K,0.50%
3-Apr-17,50.24,50.69,50.83,50.12,440.72K,-0.71%
4-Apr-17,51.03,50.24,51.3,49.88,532.05K,1.57%
5-Apr-17,51.15,51.18,51.88,50.74,651.40K,0.24%
6-Apr-17,51.7,50.8,51.82,50.77,473.02K,1.08%
7-Apr-17,52.24,51.7,52.94,51.49,796.44K,1.04%
10-Apr-17,53.08,52.31,53.18,52.29,565.44K,1.61%
11-Apr-17,53.4,53.13,53.45,52.7,598.00K,0.60%
12-Apr-17,53.11,53.4,53.76,52.71,629.81K,-0.54%
13-Apr-17,53.18,52.85,53.39,52.82,480.84K,0.13%
17-Apr-17,52.65,52.97,53.21,52.55,326.34K,-1.00%
18-Apr-17,52.41,52.75,52.85,52.1,202.04K,-0.46%
19-Apr-17,50.44,52.36,52.65,50.09,133.17K,-3.76%
20-Apr-17,50.27,50.63,50.97,50.18,33.75K,-0.34%
21-Apr-17,49.62,50.71,50.93,49.2,687.47K,-1.29%
24-Apr-17,49.23,49.68,50.22,49.03,517.90K,-0.79%
25-Apr-17,49.56,49.22,49.83,48.87,587.24K,0.67%
26-Apr-17,49.62,49.36,50.2,48.94,655.72K,0.12%
27-Apr-17,48.97,49.22,49.43,48.2,771.19K,-1.31%
28-Apr-17,49.33,49.27,49.76,48.8,633.99K,0.74%
1-May-17,48.84,49.17,49.32,48.59,364.39K,-0.99%
2-May-17,47.66,48.78,49.28,47.35,702.38K,-2.42%
3-May-17,47.82,48.12,48.23,47.3,691.32K,0.34%
4-May-17,45.52,47.6,47.75,45.29,943.96K,-4.81%
5-May-17,46.22,45.51,46.68,43.76,1.02M,1.54%
8-May-17,46.43,46.35,46.98,45.73,785.06K,0.45%
9-May-17,45.88,46.49,46.78,45.53,701.94K,-1.18%
10-May-17,47.33,46.18,47.78,46.01,819.80K,3.16%
11-May-17,47.83,47.39,48.22,47.34,661.78K,1.06%
12-May-17,47.84,47.81,48.07,47.35,537.49K,0.02%
15-May-17,48.85,47.85,49.66,47.75,687.15K,2.11%
16-May-17,48.66,48.82,49.38,48.17,589.21K,-0.39%
17-May-17,49.07,48.23,49.5,48.03,650.11K,0.84%
18-May-17,49.35,48.93,49.6,48.05,242.75K,0.57%
19-May-17,50.33,49.28,50.53,49.28,146.45K,1.99%
22-May-17,50.73,50.6,51.06,50.44,30.01K,0.79%
23-May-17,51.47,51.04,51.79,50.57,584.14K,1.46%
24-May-17,51.36,51.44,51.88,51.03,736.34K,-0.21%
25-May-17,48.9,51.25,52,48.45,1.15M,-4.79%
26-May-17,49.8,48.75,49.94,48.18,763.92K,1.84%
28-May-17,49.94,49.93,50.04,49.85,-,0.28%
29-May-17,49.97,49.95,50.29,49.52,-,0.06%
30-May-17,49.66,49.93,50.28,49.03,663.49K,-0.62%
31-May-17,48.32,49.65,49.71,47.73,779.14K,-2.70%
1-Jun-17,48.36,48.63,49.17,47.9,774.48K,0.08%
2-Jun-17,47.66,48.04,48.19,46.74,802.66K,-1.45%
5-Jun-17,47.4,47.71,48.42,46.86,710.20K,-0.55%
6-Jun-17,48.19,47.4,48.4,46.94,825.06K,1.67%
7-Jun-17,45.72,47.98,48.23,45.65,1.18M,-5.13%
8-Jun-17,45.64,45.85,46.18,45.2,927.70K,-0.17%
9-Jun-17,45.83,45.71,46.18,45.27,735.93K,0.42%
12-Jun-17,46.08,45.8,46.71,45.66,666.77K,0.55%
13-Jun-17,46.46,46.01,46.57,45.56,783.32K,0.82%
14-Jun-17,44.73,45.94,46.49,44.54,924.41K,-3.72%
15-Jun-17,44.46,44.69,44.81,44.22,500.94K,-0.60%
16-Jun-17,44.74,44.25,44.94,44.24,191.82K,0.63%
19-Jun-17,44.2,44.68,45.06,44.05,123.94K,-1.21%
20-Jun-17,43.23,44.11,44.4,42.75,29.57K,-2.19%
21-Jun-17,42.53,43.38,44.2,42.05,1.07M,-1.62%
22-Jun-17,42.74,42.55,43.32,42.26,668.83K,0.49%
23-Jun-17,43.01,42.8,43.2,42.53,690.91K,0.63%
26-Jun-17,43.38,43.16,43.65,42.63,661.35K,0.86%
27-Jun-17,44.24,43.49,44.44,43.32,759.12K,1.98%
28-Jun-17,44.74,43.7,44.9,43.67,753.38K,1.13%
29-Jun-17,44.93,44.89,45.45,44.65,768.95K,0.42%
30-Jun-17,46.04,44.89,46.35,44.88,677.41K,2.47%
3-Jul-17,47.07,46.28,47.1,45.92,517.62K,2.24%
4-Jul-17,47.13,47.06,47.31,46.74,-,0.13%
5-Jul-17,45.13,47.04,47.32,44.51,1.17M,-4.24%
6-Jul-17,45.52,45.65,46.53,45.18,969.68K,0.86%
7-Jul-17,44.23,45.35,45.42,43.78,975.91K,-2.83%
10-Jul-17,44.4,44.35,44.84,43.65,848.57K,0.38%
11-Jul-17,45.04,44.58,45.81,43.83,1.01M,1.44%
12-Jul-17,45.49,45.74,46.48,45.11,963.51K,1.00%
13-Jul-17,46.08,45.44,46.28,44.99,748.97K,1.30%
14-Jul-17,46.54,46.08,46.74,45.8,742.90K,1.00%
17-Jul-17,46.02,46.68,46.88,45.89,560.63K,-1.12%
18-Jul-17,46.4,45.99,46.92,45.81,208.42K,0.83%
19-Jul-17,47.12,46.25,47.26,46.14,140.68K,1.55%
20-Jul-17,46.79,47.09,47.55,46.66,23.24K,-0.70%
21-Jul-17,45.77,46.91,47.21,45.54,769.44K,-2.18%
24-Jul-17,46.34,45.62,46.53,45.4,707.91K,1.25%
25-Jul-17,47.89,46.46,48.66,46.38,885.70K,3.34%
26-Jul-17,48.75,48.51,48.87,47.86,887.86K,1.80%
27-Jul-17,49.04,48.7,49.24,48.25,880.76K,0.59%
28-Jul-17,49.71,49.17,49.81,48.86,771.23K,1.37%
31-Jul-17,50.17,49.85,50.41,49.18,781.54K,0.93%
1-Aug-17,49.16,50.21,50.43,48.37,1.01M,-2.01%
2-Aug-17,49.59,48.8,49.65,48.55,847.72K,0.87%
3-Aug-17,49.03,49.59,49.96,48.78,837.76K,-1.13%
4-Aug-17,49.58,48.95,49.64,48.5,745.66K,1.12%
7-Aug-17,49.39,49.59,49.73,48.54,831.37K,-0.38%
8-Aug-17,49.17,49.31,49.79,48.86,924.24K,-0.45%
9-Aug-17,49.56,49,49.72,48.9,858.25K,0.79%
10-Aug-17,48.59,49.68,50.22,48.35,1.14M,-1.96%
11-Aug-17,48.82,48.52,48.98,47.98,804.24K,0.47%
14-Aug-17,47.59,48.79,49.16,47.43,763.24K,-2.52%
15-Aug-17,47.55,47.49,47.9,47.02,770.36K,-0.08%
16-Aug-17,46.78,47.72,47.99,46.67,815.54K,-1.62%
17-Aug-17,47.09,46.8,47.19,46.46,608.31K,0.66%
18-Aug-17,48.51,46.93,48.74,46.78,253.07K,3.02%
21-Aug-17,47.37,48.72,48.75,47.03,129.19K,-2.35%
22-Aug-17,47.64,47.45,48.03,47.2,38.40K,0.57%
23-Aug-17,48.41,47.64,48.5,47.53,701.69K,1.62%
24-Aug-17,47.43,48.36,48.43,47.06,831.36K,-2.02%
25-Aug-17,47.87,47.62,47.91,47.39,646.52K,0.93%
28-Aug-17,46.57,47.89,48.2,46.15,921.29K,-2.72%
29-Aug-17,46.44,46.86,46.96,45.76,895.64K,-0.28%
30-Aug-17,45.96,46.31,46.72,45.84,882.98K,-1.03%
31-Aug-17,47.23,45.95,47.47,45.58,915.71K,2.76%
1-Sep-17,47.29,47.08,47.35,46.56,742.81K,0.13%
3-Sep-17,47.32,47.31,47.42,47.3,-,0.06%
4-Sep-17,47.41,47.31,47.66,47.16,-,0.19%
5-Sep-17,48.66,47.28,48.98,47.15,1.03M,2.64%
6-Sep-17,49.16,48.59,49.42,48.52,788.96K,1.03%
7-Sep-17,49.09,49.14,49.33,48.63,702.51K,-0.14%
8-Sep-17,47.48,49.09,49.26,47.27,843.76K,-3.28%
11-Sep-17,48.07,47.58,48.27,47,774.47K,1.24%
12-Sep-17,48.23,48.12,48.44,47.73,676.04K,0.33%
13-Sep-17,49.3,48.34,49.4,48.12,706.93K,2.22%
14-Sep-17,49.89,49.31,50.5,49.15,709.04K,1.20%
15-Sep-17,49.89,49.72,50.13,49.41,433.60K,0.00%
18-Sep-17,49.91,49.85,50.33,49.19,189.61K,0.04%
19-Sep-17,49.48,49.91,50.42,49.33,143.38K,-0.86%
20-Sep-17,50.41,49.84,50.65,49.75,35.49K,1.88%
21-Sep-17,50.55,50.72,50.81,50.07,580.57K,0.28%
22-Sep-17,50.66,50.73,50.78,50.29,473.80K,0.22%
25-Sep-17,52.22,50.68,52.28,50.39,701.24K,3.08%
26-Sep-17,51.88,52.12,52.43,51.43,709.52K,-0.65%
27-Sep-17,52.14,52.09,52.34,51.63,637.04K,0.50%
28-Sep-17,51.56,52.05,52.86,51.22,801.82K,-1.11%
29-Sep-17,51.67,51.58,51.77,51.25,551.98K,0.21%
2-Oct-17,50.58,51.64,51.71,50.07,600.93K,-2.11%
3-Oct-17,50.42,50.59,50.73,50.14,462.74K,-0.32%
4-Oct-17,49.98,50.16,50.67,49.76,598.84K,-0.87%
5-Oct-17,50.79,49.88,51.22,49.85,654.39K,1.62%
6-Oct-17,49.29,50.75,50.82,49.1,743.11K,-2.95%
9-Oct-17,49.58,49.25,49.79,49.13,505.08K,0.59%
10-Oct-17,50.92,49.55,51.06,49.54,664.84K,2.70%
11-Oct-17,51.3,50.94,51.42,50.61,651.95K,0.75%
12-Oct-17,50.6,51,51.13,50.15,729.27K,-1.36%
13-Oct-17,51.45,50.73,51.72,50.7,667.50K,1.68%
16-Oct-17,51.87,51.43,52.37,51.35,520.73K,0.82%
17-Oct-17,51.88,51.93,52.25,51.21,471.61K,0.02%
18-Oct-17,52.04,51.94,52.33,51.69,152.62K,0.31%
19-Oct-17,51.29,52.05,52.17,51.07,127.41K,-1.44%
20-Oct-17,51.47,51.42,51.73,50.7,32.96K,0.35%
23-Oct-17,51.9,52.07,52.3,51.68,583.56K,0.84%
24-Oct-17,52.47,51.89,52.62,51.55,709.55K,1.10%
25-Oct-17,52.18,52.56,52.57,51.89,681.74K,-0.55%
26-Oct-17,52.64,52.19,52.86,51.91,594.65K,0.88%
27-Oct-17,53.9,52.8,54.2,52.25,730.92K,2.39%
30-Oct-17,54.15,54.16,54.46,53.75,565.04K,0.46%
31-Oct-17,54.38,54.08,54.85,53.93,497.30K,0.42%
1-Nov-17,54.3,54.65,55.22,53.89,671.04K,-0.15%
2-Nov-17,54.54,54.28,54.84,53.99,482.85K,0.44%
3-Nov-17,55.64,54.73,55.76,54.4,614.16K,2.02%
6-Nov-17,57.35,55.97,57.61,55.66,861.71K,3.07%
7-Nov-17,57.2,57.27,57.69,56.83,750.19K,-0.26%
8-Nov-17,56.81,56.96,57.92,56.41,919.15K,-0.68%
9-Nov-17,57.17,56.85,57.53,56.69,666.95K,0.63%
10-Nov-17,56.74,57.02,57.35,56.55,541.30K,-0.75%
13-Nov-17,56.76,56.9,57.15,56.3,631.62K,0.04%
14-Nov-17,55.7,56.72,56.77,54.81,707.34K,-1.87%
15-Nov-17,55.33,55.06,55.56,54.88,501.39K,-0.66%
16-Nov-17,55.14,55.3,55.62,54.93,213.92K,-0.34%
17-Nov-17,56.55,55.25,56.68,55.18,184.94K,2.56%
20-Nov-17,56.09,56.69,56.76,55.57,37.70K,-0.81%
21-Nov-17,56.83,56.38,57.22,56.32,619.07K,1.32%
22-Nov-17,58.02,57.12,58.15,57.03,837.41K,2.09%
23-Nov-17,58.38,57.97,58.58,57.76,-,0.62%
24-Nov-17,58.95,58.05,59.05,57.75,577.83K,0.98%
27-Nov-17,58.11,58.95,58.99,57.55,690.08K,-1.42%
28-Nov-17,57.99,57.86,58.11,57.42,546.53K,-0.21%
29-Nov-17,57.3,57.73,58.3,56.75,741.56K,-1.19%
30-Nov-17,57.4,57.41,57.98,56.82,735.13K,0.17%
1-Dec-17,58.36,57.42,58.88,57.29,685.22K,1.67%
4-Dec-17,57.47,58.32,58.34,57.35,529.97K,-1.53%
5-Dec-17,57.62,57.48,57.92,57.08,499.25K,0.26%
6-Dec-17,55.96,57.45,57.57,55.87,678.99K,-2.88%
7-Dec-17,56.69,56,56.78,55.82,557.33K,1.30%
8-Dec-17,57.36,56.65,57.79,56.54,681.60K,1.18%
11-Dec-17,57.99,57.25,58.08,56.91,606.72K,1.10%
12-Dec-17,57.14,58.02,58.56,56.85,826.49K,-1.47%
13-Dec-17,56.6,57.45,57.83,56.55,658.14K,-0.95%
14-Dec-17,57.04,56.7,57.22,56.09,580.57K,0.78%
15-Dec-17,57.3,57.15,57.49,56.94,210.05K,0.46%
18-Dec-17,57.16,57.37,57.78,56.82,137.15K,-0.24%
19-Dec-17,57.46,57.3,57.64,57.16,36.29K,0.52%
20-Dec-17,58.09,57.66,58.12,57.44,420.84K,1.10%
21-Dec-17,58.36,58.02,58.38,57.63,405.32K,0.46%
22-Dec-17,58.47,58.21,58.5,57.87,324.55K,0.19%
25-Dec-17,58.59,58.41,58.62,58.38,-,0.21%
26-Dec-17,59.97,58.4,60.01,58.32,437.79K,2.36%
27-Dec-17,59.64,59.79,59.93,59.33,402.40K,-0.55%
28-Dec-17,59.84,59.53,59.94,59.44,345.96K,0.34%
29-Dec-17,60.42,59.91,60.51,59.82,464.48K,0.97%
1-Jan-18,60.24,60.26,60.28,60.15,-,-0.30%
2-Jan-18,60.37,60.2,60.74,60.1,510.31K,0.22%
3-Jan-18,61.63,60.39,61.97,60.28,673.86K,2.09%
4-Jan-18,62.01,61.96,62.21,61.59,654.36K,0.62%
5-Jan-18,61.44,61.9,62.04,61.09,563.04K,-0.92%
8-Jan-18,61.73,61.61,61.97,61.34,616.47K,0.47%
9-Jan-18,62.96,61.92,63.48,61.8,844.72K,1.99%
10-Jan-18,63.57,63.41,63.67,63.09,697.84K,0.97%
11-Jan-18,63.8,63.5,64.77,63.43,876.64K,0.36%
12-Jan-18,64.3,63.57,64.5,63.06,678.73K,0.78%
14-Jan-18,64.28,64.42,64.44,64.19,-,-0.03%
15-Jan-18,64.73,64.28,64.89,64.11,-,0.70%
16-Jan-18,63.73,64.43,64.89,63.39,867.77K,-1.54%
17-Jan-18,63.97,63.89,64.17,63.31,444.38K,0.38%
18-Jan-18,63.95,64.07,64.35,63.47,204.50K,-0.03%
19-Jan-18,63.37,63.74,63.77,62.85,142.71K,-0.91%
22-Jan-18,63.49,63.61,64.14,63.17,40.06K,0.19%
23-Jan-18,64.47,63.88,64.88,63.7,662.46K,1.54%
24-Jan-18,65.61,64.42,66.05,64.34,887.02K,1.77%
25-Jan-18,65.51,65.88,66.66,65.08,771.76K,-0.15%
26-Jan-18,66.14,65.25,66.35,64.91,678.19K,0.96%
29-Jan-18,65.56,66.18,66.46,64.98,656.17K,-0.88%
30-Jan-18,64.5,65.53,65.56,63.89,688.38K,-1.62%
31-Jan-18,64.73,64.03,64.94,63.67,613.26K,0.36%
1-Feb-18,65.8,64.76,66.25,64.63,685.75K,1.65%
2-Feb-18,65.45,65.99,66.3,64.47,857.57K,-0.53%
5-Feb-18,64.15,65.1,65.4,63.42,891.06K,-1.99%
6-Feb-18,63.39,63.43,64.29,63.12,797.81K,-1.18%
7-Feb-18,61.79,63.92,64.18,61.25,1.03M,-2.52%
8-Feb-18,61.15,61.7,62.09,60.27,929.58K,-1.04%
9-Feb-18,59.2,60.43,60.77,58.07,933.31K,-3.19%
12-Feb-18,59.29,59.12,60.83,59.1,736.92K,0.15%
13-Feb-18,59.19,59.35,59.73,58.39,580.60K,-0.17%
14-Feb-18,60.6,58.98,60.9,58.2,650.32K,2.38%
15-Feb-18,61.34,60.71,61.64,59.72,340.40K,1.22%
16-Feb-18,61.68,61.45,61.99,60.88,181.18K,0.55%
18-Feb-18,61.72,61.51,61.74,61.51,-,0.06%
19-Feb-18,62.38,61.71,62.49,61.67,-,1.07%
20-Feb-18,61.9,61.63,62.74,61.58,50.21K,-0.77%
21-Feb-18,61.68,61.63,61.86,60.92,466.92K,-0.36%
22-Feb-18,62.77,61.34,63.09,60.75,592.60K,1.77%
23-Feb-18,63.55,62.6,63.73,62.33,460.60K,1.24%
26-Feb-18,63.91,63.6,64.24,63.06,469.85K,0.57%
27-Feb-18,63.01,64.06,64.08,62.64,562.67K,-1.41%
28-Feb-18,61.64,62.79,63.44,61.36,768.41K,-2.17%
1-Mar-18,60.99,61.55,61.83,60.18,812.51K,-1.05%
2-Mar-18,61.25,61.34,61.6,60.13,613.51K,0.43%
5-Mar-18,62.57,61.55,62.79,61.1,599.27K,2.16%
6-Mar-18,62.6,62.58,63.28,62.17,634.95K,0.05%
7-Mar-18,61.15,62.3,62.58,60.58,879.12K,-2.32%
8-Mar-18,60.12,61.33,61.4,59.95,720.51K,-1.68%
9-Mar-18,62.04,60.27,62.18,60.14,659.72K,3.19%
12-Mar-18,61.36,62.1,62.33,60.67,537.99K,-1.10%
13-Mar-18,60.71,61.37,61.97,60.27,747.74K,-1.06%
14-Mar-18,60.96,60.87,61.33,60.11,665.02K,0.41%
15-Mar-18,61.19,60.95,61.54,60.82,430.20K,0.38%
16-Mar-18,62.34,61.19,62.54,61.08,202.49K,1.88%
19-Mar-18,62.06,62.23,62.35,61.36,115.96K,-0.45%
20-Mar-18,63.4,62.1,63.81,62.08,36.06K,2.16%
21-Mar-18,65.17,63.72,65.55,63.58,763.77K,2.79%
22-Mar-18,64.3,65.5,65.74,64.14,689.17K,-1.33%
23-Mar-18,65.88,64.28,66,64.11,752.99K,2.46%
26-Mar-18,65.55,65.9,66.55,65.08,585.90K,-0.50%
27-Mar-18,65.25,65.53,66.41,64.53,670.81K,-0.46%
28-Mar-18,64.38,64.7,65.13,63.72,697.68K,-1.33%
29-Mar-18,64.94,64.69,65.26,64.16,562.82K,0.87%
2-Apr-18,63.01,64.91,65.42,62.8,582.74K,-2.97%
3-Apr-18,63.51,62.89,63.86,62.86,527.29K,0.79%
4-Apr-18,63.37,63.59,63.64,62.06,760.60K,-0.22%
5-Apr-18,63.54,63.6,64.12,63.07,588.60K,0.27%
6-Apr-18,62.06,63.7,63.79,61.81,753.26K,-2.33%
9-Apr-18,63.42,62,63.61,61.93,655.83K,2.19%
10-Apr-18,65.51,63.3,65.86,63.2,840.28K,3.30%
11-Apr-18,66.82,65.59,67.45,65.15,963.02K,2.00%
12-Apr-18,67.07,66.75,67.33,66,687.47K,0.37%
13-Apr-18,67.39,67.18,67.76,66.7,624.20K,0.48%
16-Apr-18,66.22,67.24,67.74,66.13,560.08K,-1.74%
17-Apr-18,66.52,66.42,66.75,65.56,486.08K,0.45%
18-Apr-18,68.47,66.68,68.91,66.56,221.66K,2.93%
19-Apr-18,68.29,68.75,69.56,67.98,125.99K,-0.26%
20-Apr-18,68.38,68.26,68.62,67.5,32.95K,0.13%
23-Apr-18,68.64,68.22,69.03,67.14,740.94K,0.38%
24-Apr-18,67.7,68.95,69.38,67.54,832.30K,-1.37%
25-Apr-18,68.05,67.75,68.18,67.11,764.05K,0.52%
26-Apr-18,68.19,68.03,68.78,67.71,660.55K,0.21%
27-Apr-18,68.1,68.21,68.36,67.64,542.55K,-0.13%
30-Apr-18,68.57,68.15,69.34,67.17,755.19K,0.69%
1-May-18,67.25,68.56,68.9,66.85,694.77K,-1.93%
2-May-18,67.93,67.49,68.14,66.92,789.37K,1.01%
3-May-18,68.43,67.68,68.6,67.21,691.22K,0.74%
4-May-18,69.72,68.5,69.97,68.12,690.88K,1.89%
7-May-18,70.73,69.85,70.84,69.51,758.92K,1.45%
8-May-18,69.06,70.03,70.4,67.63,1.25M,-2.36%
9-May-18,71.14,70.05,71.36,69.85,863.39K,3.01%
10-May-18,71.36,71.23,71.89,70.56,749.81K,0.31%
11-May-18,70.7,71.45,71.63,70.45,634.15K,-0.92%
14-May-18,70.96,70.54,71.26,70.26,592.83K,0.37%
15-May-18,71.31,71.15,71.92,70.42,815.29K,0.49%
16-May-18,71.49,71.02,71.59,70.66,574.28K,0.25%
17-May-18,71.49,71.56,72.3,71.09,562.64K,0.00%
18-May-18,71.28,71.6,71.75,70.99,211.79K,-0.29%
21-May-18,72.24,71.47,72.59,71.25,119.89K,1.35%
22-May-18,72.13,72.53,72.83,71.9,31.97K,-0.15%
23-May-18,71.84,72.11,72.26,71.19,702.79K,-0.40%
24-May-18,70.71,71.83,72,70.52,640.73K,-1.57%
25-May-18,67.88,70.65,70.8,67.42,955.35K,-4.00%
27-May-18,67.36,67.44,67.48,67.02,-,-0.77%
28-May-18,67.05,67.39,67.41,65.81,-,-0.46%
29-May-18,66.73,67.55,67.55,65.8,1.06M,-0.48%
30-May-18,68.21,66.85,68.67,66.35,726.89K,2.22%
31-May-18,67.04,68.24,68.3,66.56,917.56K,-1.72%
1-Jun-18,65.81,67.07,67.34,65.51,781.10K,-1.83%
4-Jun-18,64.75,65.71,66.04,64.57,696.05K,-1.61%
5-Jun-18,65.52,64.94,65.57,64.22,714.67K,1.19%
6-Jun-18,64.73,65.51,65.96,64.27,708.83K,-1.21%
7-Jun-18,65.95,65.07,66.07,64.81,675.04K,1.88%
8-Jun-18,65.74,65.98,66.24,65.15,571.22K,-0.32%
11-Jun-18,66.1,65.56,66.35,64.85,558.28K,0.55%
12-Jun-18,66.36,66.05,66.7,65.87,524.41K,0.39%
13-Jun-18,66.64,66.01,66.89,65.52,626.40K,0.42%
14-Jun-18,66.89,66.62,67.16,66.36,460.17K,0.38%
15-Jun-18,65.06,67,67.09,64.29,512.59K,-2.74%
18-Jun-18,65.85,64.4,65.98,63.59,218.93K,1.21%
19-Jun-18,65.07,65.82,65.9,64.39,122.65K,-1.18%
20-Jun-18,66.22,65.11,66.53,65.01,30.65K,1.77%
21-Jun-18,65.54,65.34,66.22,64.34,760.72K,-1.03%
22-Jun-18,68.58,65.93,69.38,65.71,1.14M,4.64%
25-Jun-18,68.08,68.75,69.44,67.78,816.21K,-0.73%
26-Jun-18,70.53,68.21,70.91,67.72,848.54K,3.60%
27-Jun-18,72.76,70.68,73.06,70.56,775.16K,3.16%
28-Jun-18,73.45,72.27,74.03,72.2,717.35K,0.95%
29-Jun-18,74.15,73.33,74.46,72.93,602.40K,0.95%
2-Jul-18,73.94,73.62,74.35,72.51,652.17K,-0.28%
3-Jul-18,74.14,74.08,75.27,72.73,667.24K,0.27%
4-Jul-18,74.13,74.62,74.76,73.52,-,-0.01%
5-Jul-18,72.94,74.23,74.9,72.53,841.63K,-1.61%
6-Jul-18,73.8,73.16,74.01,72.14,611.42K,1.18%
9-Jul-18,73.85,73.87,74.28,72.99,533.00K,0.07%
10-Jul-18,74.11,74.04,74.7,73.65,586.83K,0.35%
11-Jul-18,70.38,74.2,74.26,70.02,861.73K,-5.03%
12-Jul-18,70.33,70.6,71.24,69.23,707.89K,-0.07%
13-Jul-18,71.01,70.38,71.66,69.84,530.28K,0.97%
16-Jul-18,68.06,70.52,70.87,67.58,530.48K,-4.15%
17-Jul-18,68.08,68.03,68.44,67.03,440.73K,0.03%
18-Jul-18,68.76,67.61,69.06,67.04,187.31K,1.00%
19-Jul-18,69.46,69,70.17,67.8,103.22K,1.02%
20-Jul-18,70.46,69.39,71.1,69.37,25.56K,1.44%
23-Jul-18,67.89,68.17,69.31,67.6,555.92K,-3.65%
24-Jul-18,68.52,67.8,69.05,67.56,524.59K,0.93%
25-Jul-18,69.3,68.77,69.7,68.2,622.91K,1.14%
26-Jul-18,69.61,69.38,69.92,68.92,489.06K,0.45%
27-Jul-18,68.69,69.58,69.77,68.26,460.45K,-1.32%
30-Jul-18,70.13,69.01,70.43,68.8,463.01K,2.10%
31-Jul-18,68.76,70.05,70.22,67.98,519.07K,-1.95%
1-Aug-18,67.66,68.43,68.52,67.31,576.56K,-1.60%
2-Aug-18,68.96,67.86,69.36,66.92,531.07K,1.92%
3-Aug-18,68.49,68.99,69.24,67.87,476.62K,-0.68%
6-Aug-18,69.01,68.65,69.92,68.5,495.61K,0.76%
7-Aug-18,69.17,68.9,69.83,68.81,485.03K,0.23%
8-Aug-18,66.94,69.09,69.37,66.32,760.31K,-3.22%
9-Aug-18,66.81,66.79,67.41,66.49,509.40K,-0.19%
10-Aug-18,67.63,66.74,67.87,66.14,524.49K,1.23%
13-Aug-18,67.2,67.78,67.95,65.71,578.22K,-0.64%
14-Aug-18,67.04,67.42,68.37,66.58,538.48K,-0.24%
15-Aug-18,65.01,66.62,66.9,64.51,573.47K,-3.03%
16-Aug-18,65.46,64.95,65.52,64.43,383.38K,0.69%
17-Aug-18,65.91,65.47,66.39,65.3,171.40K,0.69%
20-Aug-18,66.43,65.91,66.68,65.59,112.71K,0.79%
21-Aug-18,67.35,66.62,68.1,66.52,27.15K,1.38%
22-Aug-18,67.86,66.08,68.15,65.98,581.90K,0.76%
23-Aug-18,67.83,68.07,68.12,67.32,450.69K,-0.04%
24-Aug-18,68.72,67.9,69.31,67.78,517.80K,1.31%
27-Aug-18,68.87,68.57,68.97,68.34,332.61K,0.22%
28-Aug-18,68.53,68.93,69.2,68.21,426.83K,-0.49%
29-Aug-18,69.51,68.54,69.76,68.37,497.10K,1.43%
30-Aug-18,70.25,69.71,70.5,69.55,445.58K,1.06%
31-Aug-18,69.8,70.06,70.36,69.64,419.74K,-0.64%
2-Sep-18,69.92,69.91,69.99,69.88,-,0.17%
3-Sep-18,70.12,69.91,70.2,69.54,-,0.29%
4-Sep-18,69.87,69.89,71.4,69.08,785.98K,-0.36%
5-Sep-18,68.72,69.43,69.59,68.56,542.10K,-1.65%
6-Sep-18,67.77,68.64,69.02,67,633.82K,-1.38%
7-Sep-18,67.75,67.88,68.08,66.86,530.90K,-0.03%
10-Sep-18,67.54,67.82,68.52,67.33,571.17K,-0.31%
11-Sep-18,69.25,67.53,70.01,67.48,676.87K,2.53%
12-Sep-18,70.37,69.89,71.26,69.5,800.54K,1.62%
13-Sep-18,68.59,70.24,70.28,68.35,684.94K,-2.53%
14-Sep-18,68.99,68.79,69.91,67.94,611.08K,0.58%
17-Sep-18,68.91,68.93,69.72,68.53,422.29K,-0.12%
18-Sep-18,69.85,68.8,70.42,68.53,234.20K,1.36%
19-Sep-18,71.12,69.71,71.5,69.65,125.21K,1.82%
20-Sep-18,70.8,71.39,71.81,70.73,28.40K,-0.45%
21-Sep-18,70.78,70.2,71.8,69.98,855.94K,-0.03%
24-Sep-18,72.08,71.14,72.74,71.14,576.89K,1.84%
25-Sep-18,72.28,72.25,72.78,71.89,551.28K,0.28%
26-Sep-18,71.57,72.09,72.38,71.47,464.46K,-0.98%
27-Sep-18,72.12,72.01,72.6,71.71,454.55K,0.77%
28-Sep-18,73.25,72.18,73.73,71.88,544.05K,1.57%
1-Oct-18,75.3,73.29,75.77,72.95,601.45K,2.80%
2-Oct-18,75.23,75.42,75.91,74.93,463.62K,-0.09%
3-Oct-18,76.41,75.12,76.9,74.3,698.82K,1.57%
4-Oct-18,74.33,76.18,76.47,73.88,687.95K,-2.72%
5-Oct-18,74.34,74.67,75.22,73.83,613.22K,0.01%
8-Oct-18,74.29,74.4,74.58,73.07,554.94K,-0.07%
9-Oct-18,74.96,74.21,75.28,74,623.54K,0.90%
10-Oct-18,73.17,74.66,75.08,72.38,652.74K,-2.39%
11-Oct-18,70.97,72.68,72.76,70.51,783.96K,-3.01%
12-Oct-18,71.34,70.99,72.01,70.64,626.67K,0.52%
15-Oct-18,71.78,71.85,72.7,70.85,568.61K,0.62%
16-Oct-18,71.92,71.72,72.29,71.02,535.00K,0.20%
17-Oct-18,69.75,72.17,72.43,69.43,651.58K,-3.02%
18-Oct-18,68.65,70.03,70.03,68.47,215.34K,-1.58%
19-Oct-18,69.12,68.68,69.77,68.56,108.31K,0.68%
22-Oct-18,69.17,69.41,69.65,68.27,27.42K,0.07%
23-Oct-18,66.43,69.55,69.66,65.74,853.27K,-3.96%
24-Oct-18,66.82,66.17,67.72,66.05,775.96K,0.59%
25-Oct-18,67.33,66.36,67.65,65.99,573.10K,0.76%
26-Oct-18,67.59,66.95,67.88,66.2,595.21K,0.39%
29-Oct-18,67.04,67.55,67.95,66.29,477.49K,-0.81%
30-Oct-18,66.18,66.68,67.26,65.33,680.44K,-1.28%
31-Oct-18,65.31,66.32,67,64.81,666.49K,-1.31%
1-Nov-18,63.69,64.88,65.39,63.11,790.29K,-2.48%
2-Nov-18,63.14,63.5,63.95,62.63,708.91K,-0.86%
5-Nov-18,63.1,62.99,64.14,62.52,609.13K,-0.06%
6-Nov-18,62.21,62.7,63.32,61.31,761.24K,-1.41%
7-Nov-18,61.67,61.74,63.18,61.2,866.63K,-0.87%
8-Nov-18,60.67,61.64,62.42,60.4,764.55K,-1.62%
9-Nov-18,60.19,60.75,60.79,59.26,821.73K,-0.79%
12-Nov-18,59.93,60.7,61.28,58.68,806.22K,-0.43%
13-Nov-18,55.69,58.88,59.35,54.75,1.10M,-7.07%
14-Nov-18,56.25,55.27,57.37,55.13,844.70K,1.01%
15-Nov-18,56.46,56.02,57.26,55.59,256.50K,0.37%
16-Nov-18,56.46,56.58,57.96,55.89,159.00K,0.00%
19-Nov-18,56.76,56.72,57.33,55.08,33.58K,0.53%
20-Nov-18,53.43,57.39,57.44,52.77,983.12K,-5.87%
21-Nov-18,54.63,53.39,55.86,53.39,734.28K,2.25%
22-Nov-18,54.02,54.64,54.82,53.53,-,-1.12%
23-Nov-18,50.42,54.66,54.82,50.15,1.01M,-6.66%
26-Nov-18,51.63,50.62,52.25,50.1,663.11K,2.40%
27-Nov-18,51.56,51.54,52.38,50.3,764.01K,-0.14%
28-Nov-18,50.29,52.09,52.56,50.06,831.69K,-2.46%
29-Nov-18,51.45,50.31,52.2,49.41,812.72K,2.31%
30-Nov-18,50.93,51.27,51.79,49.65,796.71K,-1.01%
3-Dec-18,52.95,52.45,53.85,52.03,758.01K,3.97%
4-Dec-18,53.25,53.13,54.55,52.43,738.13K,0.57%
5-Dec-18,52.89,52.59,54.44,52.16,624.91K,-0.68%
6-Dec-18,51.49,52.93,53.3,50.08,987.27K,-2.65%
7-Dec-18,52.61,51.76,54.22,50.6,987.72K,2.18%
10-Dec-18,51,52.03,52.81,50.53,733.23K,-3.06%
11-Dec-18,51.65,50.89,52.43,50.7,665.26K,1.27%
12-Dec-18,51.15,51.95,52.88,50.94,730.81K,-0.97%
13-Dec-18,52.58,51.2,53.27,50.35,733.63K,2.80%
14-Dec-18,51.2,52.83,52.95,50.84,526.84K,-2.62%
17-Dec-18,49.88,51.25,51.87,49.01,211.26K,-2.58%
18-Dec-18,46.24,49.16,49.59,45.79,120.10K,-7.30%
19-Dec-18,47.2,45.93,48,45.93,37.16K,2.08%
20-Dec-18,45.88,47.39,47.51,45.67,794.13K,-2.80%
21-Dec-18,45.59,46.25,46.77,45.13,694.00K,-0.63%
24-Dec-18,42.53,45.45,46.24,42.36,415.86K,-6.71%
25-Dec-18,43.16,43,43.25,42.88,-,1.48%
26-Dec-18,46.22,42.85,47,42.52,698.41K,7.09%
27-Dec-18,44.61,46.58,46.7,44.37,665.59K,-3.48%
28-Dec-18,45.33,45.44,46.22,44.42,564.39K,1.61%
31-Dec-18,45.41,45.22,46.53,44.73,476.97K,0.18%
1-Jan-19,45.89,45.77,45.95,45.73,-,1.06%
2-Jan-19,46.54,45.8,47.78,44.35,850.48K,1.42%
3-Jan-19,47.09,46.26,47.49,45.35,788.72K,1.18%
4-Jan-19,47.96,46.9,49.22,46.65,817.28K,1.85%
7-Jan-19,48.52,48.3,49.79,48.11,819.94K,1.17%
8-Jan-19,49.78,48.73,49.95,48.31,765.98K,2.60%
9-Jan-19,52.36,49.8,52.58,49.71,891.92K,5.18%
10-Jan-19,52.59,52.18,52.78,51.37,821.78K,0.44%
11-Jan-19,51.59,52.28,53.31,51.18,812.34K,-1.90%
14-Jan-19,50.51,51.73,52.11,50.38,791.53K,-2.09%
15-Jan-19,52.11,50.78,52.3,50.64,664.18K,3.17%
16-Jan-19,52.31,52,52.52,51.26,694.18K,0.38%
17-Jan-19,52.07,52.3,52.58,50.98,288.56K,-0.46%
18-Jan-19,53.8,52.23,53.92,52.09,193.10K,3.32%
20-Jan-19,53.65,53.97,54.05,53.59,-,-0.28%
21-Jan-19,54.24,53.66,54.48,53.58,-,1.10%
22-Jan-19,52.57,53.73,54.24,51.8,46.03K,-3.08%
23-Jan-19,52.62,52.95,53.64,51.86,702.87K,0.10%
24-Jan-19,53.13,52.45,53.47,52.07,714.42K,0.97%
25-Jan-19,53.69,53.17,53.94,52.91,593.39K,1.05%
28-Jan-19,51.99,53.56,53.64,51.33,650.67K,-3.17%
29-Jan-19,53.31,52.12,53.93,51.84,660.53K,2.54%
30-Jan-19,54.23,53.24,54.93,53.09,731.31K,1.73%
31-Jan-19,53.79,54.28,55.37,53.62,718.65K,-0.81%
1-Feb-19,55.26,54.01,55.66,53.37,689.57K,2.73%
4-Feb-19,54.56,55.32,55.75,53.29,622.47K,-1.27%
5-Feb-19,53.66,54.86,55.21,53.47,609.76K,-1.65%
6-Feb-19,54.01,53.73,54.3,52.86,606.72K,0.65%
7-Feb-19,52.64,53.94,54.21,51.8,749.01K,-2.54%
8-Feb-19,52.72,52.59,52.99,52.08,621.00K,0.15%
11-Feb-19,52.41,52.66,52.78,51.23,750.24K,-0.59%
12-Feb-19,53.1,52.47,54.05,52.29,708.31K,1.32%
13-Feb-19,53.9,53.35,54.6,53.27,706.55K,1.51%
14-Feb-19,54.41,53.96,54.68,53.08,623.55K,0.95%
15-Feb-19,55.59,54.48,55.87,54.24,276.91K,2.17%
17-Feb-19,56.33,56.17,56.39,56.11,-,1.33%
18-Feb-19,56.27,56.33,56.73,56.12,-,-0.11%
19-Feb-19,56.09,55.78,56.33,55.29,153.73K,-0.32%
20-Feb-19,56.92,55.94,57.55,55.48,37.68K,1.48%
21-Feb-19,56.96,57.24,57.61,56.64,546.20K,0.07%
22-Feb-19,57.26,56.84,57.81,56.71,513.44K,0.53%
25-Feb-19,55.48,57.17,57.53,55.08,723.01K,-3.11%
26-Feb-19,55.5,55.46,56.08,55.02,538.92K,0.04%
27-Feb-19,56.94,55.95,57.39,55.72,577.23K,2.59%
28-Feb-19,57.22,57,57.43,56.43,496.68K,0.49%
1-Mar-19,55.8,57.22,57.88,55.57,684.19K,-2.48%
4-Mar-19,56.59,55.83,57,55.81,549.40K,1.42%
5-Mar-19,56.56,56.45,57.19,56.09,538.40K,-0.05%
6-Mar-19,56.22,56.28,56.4,55.42,637.68K,-0.60%
7-Mar-19,56.66,56.2,56.99,56.08,628.82K,0.78%
8-Mar-19,56.07,56.43,56.51,54.52,747.36K,-1.04%
11-Mar-19,56.79,56.07,57.01,55.96,597.16K,1.28%
12-Mar-19,56.87,56.76,57.55,56.74,652.80K,0.14%
13-Mar-19,58.26,57.09,58.48,57.01,610.62K,2.44%
14-Mar-19,58.61,58.35,58.74,58,567.60K,0.60%
15-Mar-19,58.52,58.51,58.95,57.74,507.39K,-0.15%
18-Mar-19,59.09,58.45,59.23,58.05,157.24K,0.97%
19-Mar-19,59.03,59.01,59.57,58.62,114.82K,-0.10%
20-Mar-19,59.83,59.02,60.12,58.39,31.13K,1.36%
21-Mar-19,59.98,59.99,60.39,59.66,655.38K,0.25%
22-Mar-19,59.04,59.87,60.07,58.28,738.84K,-1.57%
25-Mar-19,58.82,58.98,59.35,58.17,705.40K,-0.37%
26-Mar-19,59.94,59.12,60.38,59.04,685.99K,1.90%
27-Mar-19,59.41,60.03,60.22,58.81,732.15K,-0.88%
28-Mar-19,59.3,59.4,59.56,58.2,712.21K,-0.19%
29-Mar-19,60.14,59.53,60.73,59.41,705.56K,1.42%
1-Apr-19,61.59,60.24,61.8,60.13,670.81K,2.41%
2-Apr-19,62.58,61.81,62.75,61.6,793.23K,1.61%
3-Apr-19,62.46,62.64,62.99,62.05,799.67K,-0.19%
4-Apr-19,62.1,62.5,62.77,61.89,684.97K,-0.58%
5-Apr-19,63.08,62.18,63.34,61.82,686.86K,1.58%
8-Apr-19,64.4,63.33,64.48,63.13,895.77K,2.09%
9-Apr-19,63.98,64.4,64.79,63.68,790.68K,-0.65%
10-Apr-19,64.61,64.22,64.7,64.05,722.22K,0.98%
11-Apr-19,63.58,64.48,64.49,63.31,760.50K,-1.59%
12-Apr-19,63.89,63.71,64.65,63.66,625.59K,0.49%
15-Apr-19,63.4,63.76,63.84,63.03,555.86K,-0.77%
16-Apr-19,64.05,63.57,64.37,62.99,547.47K,1.03%
17-Apr-19,63.76,64.32,64.61,63.66,235.38K,-0.45%
18-Apr-19,64,63.75,64.16,63.46,148.24K,0.38%
22-Apr-19,65.7,64,65.92,64,30.14K,2.66%
23-Apr-19,66.3,65.75,66.6,65.58,700.60K,0.91%
24-Apr-19,65.89,66.17,66.43,65.66,678.39K,-0.62%
25-Apr-19,65.21,65.81,66.28,64.9,603.00K,-1.03%
26-Apr-19,63.3,65.13,65.18,62.28,1.00M,-2.93%
29-Apr-19,63.5,62.95,63.69,62.46,654.08K,0.32%
30-Apr-19,63.91,63.58,64.75,63.3,750.49K,0.65%
1-May-19,63.6,63.4,63.93,62.77,676.87K,-0.49%
2-May-19,61.81,63.61,63.68,60.95,914.66K,-2.81%
3-May-19,61.94,61.55,62.52,61.3,646.87K,0.21%
6-May-19,62.25,61.43,62.95,60.04,768.81K,0.50%
7-May-19,61.4,62.17,62.49,60.66,842.81K,-1.37%
8-May-19,62.12,61.44,62.37,61.07,791.77K,1.17%
9-May-19,61.7,62.02,62.21,60.92,769.58K,-0.68%
10-May-19,61.66,61.64,62.49,61.42,786.49K,-0.06%
13-May-19,61.04,61.65,63.33,60.64,1.00M,-1.01%
14-May-19,61.78,60.86,62.11,60.69,751.67K,1.21%
15-May-19,62.02,61.37,62.34,60.85,723.00K,0.39%
16-May-19,62.87,62.12,63.48,62.08,545.68K,1.37%
17-May-19,62.76,63.12,63.64,62.52,215.80K,-0.17%
20-May-19,63.1,62.93,63.81,62.45,131.89K,0.54%
21-May-19,62.99,63.22,63.6,62.75,28.91K,-0.17%
22-May-19,61.42,62.95,63,61.03,766.73K,-2.49%
23-May-19,57.91,61.31,61.41,57.33,1.11M,-5.71%
24-May-19,58.63,58.21,59.1,57.5,758.10K,1.24%
26-May-19,58.77,58.94,59,58.67,-,0.24%
27-May-19,59.16,58.77,59.26,58.14,-,0.66%
28-May-19,59.14,58.94,59.57,58.13,1.02M,-0.03%
29-May-19,58.81,59.07,59.14,56.88,1.12M,-0.56%
30-May-19,56.59,59.12,59.7,56.33,842.28K,-3.77%
31-May-19,53.5,56.46,56.61,53.05,1.03M,-5.46%
3-Jun-19,53.25,53.42,54.63,52.11,984.31K,-0.47%
4-Jun-19,53.48,52.89,53.78,52.43,831.63K,0.43%
5-Jun-19,51.68,52.86,53.41,50.6,943.19K,-3.37%
6-Jun-19,52.59,51.66,53.3,51.17,790.07K,1.76%
7-Jun-19,53.99,53.1,54.32,52.62,828.13K,2.66%
10-Jun-19,53.26,54.24,54.84,53.05,687.15K,-1.35%
11-Jun-19,53.27,53.43,54.04,52.91,642.94K,0.02%
12-Jun-19,51.14,53.04,53.05,50.72,786.11K,-4.00%
13-Jun-19,52.28,51.07,53.45,50.92,945.02K,2.23%
14-Jun-19,52.51,52.18,52.98,51.7,574.23K,0.44%
17-Jun-19,51.93,52.5,52.74,51.58,397.87K,-1.10%
18-Jun-19,53.9,51.95,54.31,51.5,181.64K,3.79%
19-Jun-19,53.76,54.09,54.42,53.28,122.84K,-0.26%
20-Jun-19,56.65,54.12,57.02,54.11,27.88K,5.38%
21-Jun-19,57.43,57.26,57.98,56.66,676.05K,1.38%
24-Jun-19,57.9,57.72,58.22,56.75,597.16K,0.82%
25-Jun-19,57.83,57.74,58.84,57.2,673.14K,-0.12%
26-Jun-19,59.38,58.84,59.93,58.65,686.82K,2.68%
27-Jun-19,59.43,59.27,59.73,58.61,531.41K,0.08%
28-Jun-19,58.47,59.22,59.8,57.75,556.10K,-1.62%
1-Jul-19,59.09,59.27,60.28,58.34,674.89K,1.06%
2-Jul-19,56.25,59.14,59.43,56.09,878.94K,-4.81%
3-Jul-19,57.34,56.49,57.48,56.04,600.13K,1.94%
4-Jul-19,56.8,57.41,57.57,56.48,-,-0.94%
5-Jul-19,57.51,57.38,57.82,56.29,698.02K,1.25%
8-Jul-19,57.66,57.77,58.46,57.3,540.86K,0.26%
9-Jul-19,57.83,57.56,59.1,57.29,551.87K,0.29%
10-Jul-19,60.43,58.4,60.53,58.35,690.66K,4.50%
11-Jul-19,60.2,60.44,60.94,60.14,573.02K,-0.38%
12-Jul-19,60.21,60.46,60.74,59.93,469.03K,0.02%
15-Jul-19,59.58,60.25,60.92,59.2,566.82K,-1.05%
16-Jul-19,57.62,59.26,60.06,57.07,712.54K,-3.29%
17-Jul-19,56.78,57.52,58.36,56.21,504.43K,-1.46%
18-Jul-19,55.3,56.6,57.32,54.72,215.36K,-2.61%
19-Jul-19,55.63,55.72,56.36,54.99,105.22K,0.60%
22-Jul-19,56.22,56.22,56.84,55.72,24.30K,1.06%
23-Jul-19,56.77,56.17,57.47,55.74,521.88K,0.98%
24-Jul-19,55.88,57.23,57.64,55.33,745.25K,-1.57%
25-Jul-19,56.02,55.9,56.99,55.81,559.28K,0.25%
26-Jul-19,56.2,55.93,56.57,55.68,476.79K,0.32%
29-Jul-19,56.87,56.2,57.1,55.81,529.74K,1.19%
30-Jul-19,58.05,57.07,58.47,56.96,547.40K,2.07%
31-Jul-19,58.58,58.34,58.82,57.81,614.00K,0.91%
1-Aug-19,53.95,57.85,57.99,53.59,886.75K,-7.90%
2-Aug-19,55.66,54.54,56.05,54.15,739.81K,3.17%
5-Aug-19,54.69,55.38,55.61,54.22,823.84K,-1.74%
6-Aug-19,53.63,54.95,55.42,53.29,682.79K,-1.94%
7-Aug-19,51.09,53.42,53.77,50.52,1.06M,-4.74%
8-Aug-19,52.54,52.33,53.06,51.94,724.76K,2.84%
9-Aug-19,54.5,52.88,54.92,52.37,726.39K,3.73%
12-Aug-19,54.93,54.32,55.18,53.54,611.03K,0.79%
13-Aug-19,57.1,54.73,57.47,54.21,783.49K,3.95%
14-Aug-19,55.23,56.74,56.85,53.97,718.29K,-3.27%
15-Aug-19,54.47,54.9,55.33,53.77,527.87K,-1.38%
16-Aug-19,54.87,54.74,55.67,54.26,168.35K,0.73%
19-Aug-19,56.21,54.96,56.41,54.84,113.57K,2.44%
20-Aug-19,56.34,56.1,56.6,55.28,47.45K,0.23%
21-Aug-19,55.68,56.05,57.13,55.55,704.04K,-1.17%
22-Aug-19,55.35,55.94,56.46,54.85,621.57K,-0.59%
23-Aug-19,54.17,55.35,55.6,53.24,807.15K,-2.13%
26-Aug-19,53.64,53.25,55.26,52.96,679.02K,-0.98%
27-Aug-19,54.93,53.76,55.72,53.69,596.62K,2.40%
28-Aug-19,55.78,55.71,56.75,55.34,674.05K,1.55%
29-Aug-19,56.71,55.88,56.89,55.43,630.76K,1.67%
30-Aug-19,55.1,56.63,56.72,54.55,708.27K,-2.84%
1-Sep-19,54.8,55,55,54.56,-,-0.54%
2-Sep-19,54.66,54.81,55.22,54.36,-,-0.26%
3-Sep-19,53.94,55,55.24,52.84,970.80K,-1.32%
4-Sep-19,56.26,53.92,56.58,53.84,682.30K,4.30%
5-Sep-19,56.3,55.95,57.76,55.75,712.47K,0.07%
6-Sep-19,56.52,56.19,56.95,54.83,714.29K,0.39%
9-Sep-19,57.85,56.8,58.16,56.58,646.99K,2.35%
10-Sep-19,57.4,58.03,58.76,57.2,755.47K,-0.78%
11-Sep-19,55.75,57.89,58.3,55.61,858.77K,-2.87%
12-Sep-19,55.09,55.93,56.34,54,845.98K,-1.18%
13-Sep-19,54.85,55.15,55.68,54.44,599.47K,-0.44%
16-Sep-19,62.9,61.48,63.38,58.77,1.40M,14.68%
17-Sep-19,59.34,61.96,62.59,58.46,993.24K,-5.66%
18-Sep-19,58.11,58.81,59.43,57.67,216.96K,-2.07%
19-Sep-19,58.13,58.2,59.54,58.01,112.33K,0.03%
20-Sep-19,58.09,58.65,59.1,57.79,37.98K,-0.07%
23-Sep-19,58.64,59.25,59.39,57.37,526.79K,0.95%
24-Sep-19,57.29,58.44,58.49,56.69,591.53K,-2.30%
25-Sep-19,56.49,56.7,57.02,55.55,563.55K,-1.40%
26-Sep-19,56.41,56.69,56.84,55.41,599.65K,-0.14%
27-Sep-19,55.91,56.51,56.76,54.75,712.97K,-0.89%
30-Sep-19,54.07,56.54,56.57,53.98,532.52K,-3.29%
1-Oct-19,53.62,54.28,54.84,53.05,589.18K,-0.83%
2-Oct-19,52.64,54,54.42,52.17,590.31K,-1.83%
3-Oct-19,52.45,52.47,52.91,50.99,642.47K,-0.36%
4-Oct-19,52.81,52.29,53.35,52.04,541.10K,0.69%
7-Oct-19,52.75,52.69,54.06,52.59,549.02K,-0.11%
8-Oct-19,52.63,52.81,53.27,51.81,658.32K,-0.23%
9-Oct-19,52.59,52.57,53.74,52.31,632.67K,-0.08%
10-Oct-19,53.55,52.69,53.97,51.38,613.94K,1.83%
11-Oct-19,54.7,53.88,54.93,53.64,741.70K,2.15%
14-Oct-19,53.59,54.9,54.9,52.77,467.64K,-2.03%
15-Oct-19,52.81,53.51,53.79,52.39,511.25K,-1.46%
16-Oct-19,53.36,52.92,53.74,52.51,451.64K,1.04%
17-Oct-19,53.93,52.99,54.16,52.62,418.42K,1.07%
18-Oct-19,53.78,54.09,54.62,53.35,174.48K,-0.28%
21-Oct-19,53.31,53.71,54.03,52.71,95.98K,-0.87%
22-Oct-19,54.16,53.39,54.62,53.1,33.92K,1.59%
23-Oct-19,55.97,54.3,56.07,53.62,620.20K,3.34%
24-Oct-19,56.23,55.9,56.51,55.41,480.76K,0.46%
25-Oct-19,56.66,56.07,56.74,55.6,445.02K,0.76%
28-Oct-19,55.81,56.65,56.92,55.58,437.02K,-1.50%
29-Oct-19,55.54,55.8,55.91,54.61,521.46K,-0.48%
30-Oct-19,55.06,55.53,55.73,54.42,659.33K,-0.86%
31-Oct-19,54.18,54.9,55.59,53.71,677.42K,-1.60%
1-Nov-19,56.2,54.15,56.33,54.07,538.12K,3.73%
4-Nov-19,56.54,56.41,57.43,55.83,580.35K,0.60%
5-Nov-19,57.23,56.56,57.5,56.3,435.32K,1.22%
6-Nov-19,56.35,57.26,57.85,56.11,623.26K,-1.54%
7-Nov-19,57.15,56.35,57.88,56.27,678.17K,1.42%
8-Nov-19,57.24,57.08,57.48,55.76,636.94K,0.16%
11-Nov-19,56.86,57.4,57.4,56.25,498.98K,-0.66%
12-Nov-19,56.8,56.89,57.55,56.54,586.57K,-0.11%
13-Nov-19,57.12,56.79,57.53,56.2,547.64K,0.56%
14-Nov-19,56.77,57.39,57.79,56.63,516.83K,-0.61%
15-Nov-19,57.72,56.91,57.97,56.43,375.99K,1.67%
18-Nov-19,57.05,57.88,58.09,56.55,159.33K,-1.16%
19-Nov-19,55.21,56.9,57.11,55.04,121.21K,-3.23%
20-Nov-19,57.11,55.16,57.25,54.76,31.92K,3.44%
21-Nov-19,58.58,57,58.67,56.6,593.53K,2.57%
22-Nov-19,57.77,58.31,58.74,57.5,508.24K,-1.38%
25-Nov-19,58.01,57.92,58.15,57.21,420.64K,0.42%
26-Nov-19,58.41,57.92,58.56,57.76,443.82K,0.69%
27-Nov-19,58.11,58.27,58.68,57.51,454.26K,-0.51%
28-Nov-19,58.08,57.97,58.29,57.64,-,-0.05%
29-Nov-19,55.17,58.13,58.3,55.02,718.72K,-5.01%
2-Dec-19,55.96,55.47,56.67,55.42,616.42K,1.43%
3-Dec-19,56.1,55.96,56.8,55.35,560.55K,0.25%
4-Dec-19,58.43,56.43,58.66,56.28,760.54K,4.15%
5-Dec-19,58.43,58.36,59.12,58.1,649.46K,0.00%
6-Dec-19,59.2,58.32,59.85,57.7,679.61K,1.32%
9-Dec-19,59.02,59.11,59.25,58.23,511.56K,-0.30%
10-Dec-19,59.24,58.92,59.52,58.52,566.82K,0.37%
11-Dec-19,58.76,59.06,59.22,58.11,589.65K,-0.81%
12-Dec-19,59.18,58.88,59.72,58.75,530.85K,0.71%
13-Dec-19,60.07,59.36,60.48,59.27,512.29K,1.50%
16-Dec-19,60.21,59.87,60.34,59.71,347.40K,0.23%
17-Dec-19,60.94,60.23,61.06,60.03,163.74K,1.21%
18-Dec-19,60.93,60.55,61.18,60.32,131.07K,-0.02%
19-Dec-19,61.22,60.86,61.47,60.79,35.46K,0.48%
20-Dec-19,60.44,61.11,61.2,60.02,552.52K,-1.27%
23-Dec-19,60.52,60.41,60.77,60.1,314.71K,0.13%
24-Dec-19,61.11,60.63,61.16,60.47,204.54K,0.97%
25-Dec-19,61.19,61.45,61.52,61.17,-,0.13%
26-Dec-19,61.68,61.2,61.83,61.06,265.09K,0.80%
27-Dec-19,61.72,61.73,61.97,61.24,351.90K,0.06%
30-Dec-19,61.68,61.71,62.34,61.09,427.15K,-0.06%
31-Dec-19,61.06,61.68,61.88,60.63,494.54K,-1.01%
1-Jan-20,61.33,61.52,61.54,61.33,-,0.44%
2-Jan-20,61.18,61.6,61.6,60.64,486.87K,-0.24%
3-Jan-20,63.05,61.18,64.09,61.13,885.86K,3.06%
6-Jan-20,63.27,63.71,64.72,62.64,724.24K,0.35%
7-Jan-20,62.7,62.91,63.15,62.11,582.65K,-0.90%
8-Jan-20,59.61,62.84,65.65,59.15,1.21M,-4.93%
9-Jan-20,59.56,59.99,60.31,58.66,750.93K,-0.08%
10-Jan-20,59.04,59.61,59.78,58.85,596.19K,-0.87%
13-Jan-20,58.08,59.04,59.27,57.91,584.00K,-1.63%
14-Jan-20,58.23,58.03,58.72,57.72,507.71K,0.26%
15-Jan-20,57.81,58.2,58.36,57.36,433.17K,-0.72%
16-Jan-20,58.52,58.1,58.87,57.56,182.87K,1.23%
17-Jan-20,58.54,58.59,58.98,58.27,122.56K,0.03%
19-Jan-20,59.27,59.36,59.66,59.2,-,1.25%
20-Jan-20,58.73,59.28,59.32,58.56,-,-0.91%
21-Jan-20,58.34,59.17,59.73,57.68,50.18K,-0.66%
22-Jan-20,56.74,58.26,58.38,56.03,620.12K,-2.74%
23-Jan-20,55.59,56.11,56.27,54.77,704.00K,-2.03%
24-Jan-20,54.19,55.69,55.95,53.85,586.20K,-2.52%
27-Jan-20,53.14,53.7,53.71,52.13,712.88K,-1.94%
28-Jan-20,53.48,52.77,54.06,52.68,633.96K,0.64%
29-Jan-20,53.33,53.97,54.37,52.81,624.98K,-0.28%
30-Jan-20,52.14,53.09,53.2,51.66,720.12K,-2.23%
31-Jan-20,51.56,52.92,53.36,50.97,827.91K,-1.11%
3-Feb-20,50.11,51.01,51.97,49.8,876.04K,-2.81%
4-Feb-20,49.61,49.94,51.55,49.31,859.36K,-1.00%
5-Feb-20,50.75,49.51,51.88,49.47,887.95K,2.30%
6-Feb-20,50.95,51.17,52.2,50.24,750.66K,0.39%
7-Feb-20,50.32,51.11,51.48,50.09,768.35K,-1.24%
10-Feb-20,49.57,50.12,50.49,49.42,715.89K,-1.49%
11-Feb-20,49.94,49.61,50.69,49.58,725.73K,0.75%
12-Feb-20,51.17,49.96,51.73,49.95,795.26K,2.46%
13-Feb-20,51.42,51.72,51.96,50.6,745.40K,0.49%
14-Feb-20,52.05,51.51,52.34,51.32,607.34K,1.23%
16-Feb-20,52.36,52.45,52.63,52.34,-,0.60%
17-Feb-20,52.2,52.34,52.59,52.05,-,-0.31%
18-Feb-20,52.05,52.23,52.41,50.88,221.77K,-0.29%
19-Feb-20,53.29,52.12,53.66,51.93,113.68K,2.38%
20-Feb-20,53.78,53.5,54.5,53.22,30.67K,0.92%
21-Feb-20,53.38,53.74,53.86,52.55,707.56K,-0.74%
24-Feb-20,51.43,52.6,52.64,50.45,765.52K,-3.65%
25-Feb-20,49.9,51.37,52.02,49.69,764.99K,-2.97%
26-Feb-20,48.73,50.08,50.44,48.3,884.48K,-2.34%
27-Feb-20,47.09,48.63,48.78,45.88,1.01M,-3.37%
28-Feb-20,44.76,46.49,47.03,43.85,1.10M,-4.95%
2-Mar-20,46.75,43.7,47.56,43.32,949.47K,4.45%
3-Mar-20,47.18,47.72,48.66,46.47,1.01M,0.92%
4-Mar-20,46.78,46.94,48.41,46.65,745.86K,-0.85%
5-Mar-20,45.9,47.13,47.57,45.65,704.59K,-1.88%
6-Mar-20,41.28,46.09,46.38,41.05,1.28M,-10.07%
9-Mar-20,31.13,32.87,34.88,27.34,1.77M,-24.59%
10-Mar-20,34.36,30.37,35.02,30.2,1.06M,10.38%
11-Mar-20,32.98,34.62,36.35,32.56,874.65K,-4.02%
12-Mar-20,31.5,33.07,33.63,30.02,1.03M,-4.49%
13-Mar-20,31.73,30.77,33.87,30.33,743.13K,0.73%
16-Mar-20,28.7,33.75,33.75,28.1,698.83K,-9.55%
17-Mar-20,26.95,28.69,30.3,26.63,545.82K,-6.10%
18-Mar-20,20.37,26.94,27.22,20.06,309.48K,-24.42%
19-Mar-20,25.22,22.3,27.71,21.36,136.72K,23.81%
20-Mar-20,22.43,24.73,27.89,19.46,29.76K,-11.06%
23-Mar-20,23.36,22.52,24.07,20.8,852.95K,4.15%
24-Mar-20,24.01,23.87,25.16,23.09,659.70K,2.78%
25-Mar-20,24.49,24.37,25.24,22.91,618.73K,2.00%
26-Mar-20,22.6,24.25,24.65,22.38,633.88K,-7.72%
27-Mar-20,21.51,23.29,23.44,20.88,603.12K,-4.82%
30-Mar-20,20.09,20.93,20.93,19.27,758.71K,-6.60%
31-Mar-20,20.48,20.23,21.89,20.01,660.08K,1.94%
1-Apr-20,20.31,20.1,21.55,19.9,703.29K,-0.83%
2-Apr-20,25.32,21.22,27.39,20.76,1.10M,24.67%
3-Apr-20,28.34,24.81,29.13,23.52,1.01M,11.93%
6-Apr-20,26.08,26.09,28.24,25.28,752.71K,-7.97%
7-Apr-20,23.63,26.34,27.24,23.54,797.71K,-9.39%
8-Apr-20,25.09,24.3,26.45,23.74,823.55K,6.18%
9-Apr-20,22.76,26.28,28.36,22.57,1.12M,-9.29%
13-Apr-20,22.41,24.6,24.74,22.03,775.12K,-1.54%
14-Apr-20,20.11,22.36,23.08,19.95,785.48K,-10.26%
15-Apr-20,19.87,20.72,20.89,19.2,544.80K,-1.19%
16-Apr-20,19.87,20.15,20.53,19.42,350.94K,0.00%
17-Apr-20,18.27,20,20.22,17.31,240.63K,-8.05%
20-Apr-20,14.14,17.73,17.85,-40.32,247.95K,-305.97%
21-Apr-20,10.01,-14,13.86,-16.74,18.44K,-126.60%
22-Apr-20,13.78,13.12,16.18,10.26,1.24M,37.66%
23-Apr-20,16.5,14.2,18.26,13.35,833.58K,19.74%
24-Apr-20,16.94,16.78,17.97,15.64,600.22K,2.67%
27-Apr-20,12.78,16.84,16.98,11.88,623.20K,-24.56%
28-Apr-20,12.34,12.96,13.69,10.07,897.09K,-3.44%
29-Apr-20,15.06,13.35,16.78,12.67,554.13K,22.04%
30-Apr-20,18.84,15.64,19.44,15.45,545.34K,25.10%
1-May-20,19.78,19.04,20.48,18.07,403.20K,4.99%
4-May-20,20.39,19.11,21.42,18.05,311.49K,3.08%
5-May-20,24.56,21.24,25.49,21.13,387.24K,20.45%
6-May-20,23.99,25.52,26.08,22.58,381.17K,-2.32%
7-May-20,23.55,24.09,26.74,22.94,310.26K,-1.83%
8-May-20,24.74,23.35,24.99,23.26,205.18K,5.05%
11-May-20,24.14,24.49,25.58,23.67,179.59K,-2.43%
12-May-20,25.78,24.49,26.23,24.22,212.34K,6.79%
13-May-20,25.29,25.3,26.45,24.79,150.86K,-1.90%
14-May-20,27.56,25.56,27.96,25.18,160.51K,8.98%
15-May-20,29.43,27.64,29.92,27.24,108.02K,6.79%
18-May-20,31.82,29.53,33.32,29.53,89.38K,8.12%
19-May-20,32.5,32.83,33.44,31.34,36.07K,2.14%
20-May-20,33.49,31.89,33.78,31.56,406.43K,3.05%
21-May-20,33.92,33.53,34.66,33.26,372.81K,1.28%
22-May-20,33.25,33.95,34,30.72,429.04K,-1.98%
24-May-20,32.9,33.38,33.42,32.5,-,-1.05%
25-May-20,33.92,32.92,34.18,32.72,-,3.10%
26-May-20,34.35,33.3,34.81,32.48,466.74K,1.27%
27-May-20,32.81,34.14,34.32,31.75,415.25K,-4.48%
28-May-20,33.71,32.1,34.21,31.14,440.17K,2.74%
29-May-20,35.49,33.68,35.77,32.36,443.65K,5.28%
1-Jun-20,35.44,35.21,35.9,34.27,385.71K,-0.14%
2-Jun-20,36.81,35.56,37.06,35.28,343.48K,3.87%
3-Jun-20,37.29,36.86,38.18,35.88,494.25K,1.30%
4-Jun-20,37.41,36.76,37.62,36.38,307.61K,0.32%
5-Jun-20,39.55,37.33,39.68,37.05,396.86K,5.72%
8-Jun-20,38.19,39.41,40.44,37.96,416.64K,-3.44%
9-Jun-20,38.94,38.22,39.1,37.07,396.03K,1.96%
10-Jun-20,39.6,38.5,39.91,37.73,385.87K,1.69%
11-Jun-20,36.34,39.09,39.09,35.41,513.91K,-8.23%
12-Jun-20,36.26,36.26,36.99,34.48,406.51K,-0.22%
15-Jun-20,37.12,36.03,37.26,34.36,387.55K,2.37%
16-Jun-20,38.38,37.05,39.06,36.38,366.32K,3.39%
17-Jun-20,37.96,37.93,38.75,37.21,239.52K,-1.09%
18-Jun-20,38.84,37.74,38.97,37.11,113.38K,2.32%
19-Jun-20,39.75,38.85,40.49,38.4,64.11K,2.34%
22-Jun-20,40.46,39.18,40.7,39.12,29.89K,1.79%
23-Jun-20,40.37,40.68,41.63,39.76,368.73K,-0.22%
24-Jun-20,38.01,39.99,40.54,37.31,499.49K,-5.85%
25-Jun-20,38.72,38.05,39.23,37.08,451.64K,1.87%
26-Jun-20,38.49,39.09,39.35,37.79,356.71K,-0.59%
29-Jun-20,39.7,37.96,39.89,37.5,343.91K,3.14%
30-Jun-20,39.27,39.64,40.08,38.85,370.06K,-1.08%
1-Jul-20,39.82,39.84,40.58,39.05,407.17K,1.40%
2-Jul-20,40.65,39.78,40.74,39.46,347.10K,2.08%
3-Jul-20,40.28,40.23,40.5,39.86,-,-0.91%
6-Jul-20,40.63,40.31,41.08,39.84,373.24K,0.87%
7-Jul-20,40.62,40.68,40.95,39.9,256.60K,-0.02%
8-Jul-20,40.9,40.48,41.08,40.3,286.74K,0.69%
9-Jul-20,39.62,40.87,40.99,39.27,367.39K,-3.13%
10-Jul-20,40.55,39.58,40.77,38.54,393.15K,2.35%
13-Jul-20,40.1,40.35,40.72,39.47,370.72K,-1.11%
14-Jul-20,40.29,39.6,40.57,39.07,426.97K,0.47%
15-Jul-20,41.2,40.55,41.26,40.08,352.54K,2.26%
16-Jul-20,40.75,40.97,41.18,40.52,200.10K,-1.09%
17-Jul-20,40.59,40.72,40.9,40.02,88.22K,-0.39%
20-Jul-20,40.81,40.64,40.91,39.83,60.18K,0.54%
21-Jul-20,41.96,40.65,42.4,40.64,25.62K,2.82%
22-Jul-20,41.9,41.54,42.03,41.14,333.65K,-0.14%
23-Jul-20,41.07,41.95,42.36,40.83,389.41K,-1.98%
24-Jul-20,41.29,41.06,41.67,40.66,353.16K,0.54%
27-Jul-20,41.6,41.26,41.82,40.48,377.71K,0.75%
28-Jul-20,41.04,41.65,41.93,40.85,276.80K,-1.35%
29-Jul-20,41.27,41.13,41.57,40.93,295.86K,0.56%
30-Jul-20,39.92,41.32,41.39,38.72,487.33K,-3.27%
31-Jul-20,40.27,40.34,40.55,39.66,318.79K,0.88%
3-Aug-20,41.01,40.39,41.24,39.58,338.33K,1.84%
4-Aug-20,41.7,40.78,42.08,40.14,451.58K,1.68%
5-Aug-20,42.19,41.56,43.52,41.47,491.27K,1.18%
6-Aug-20,41.95,42.19,42.65,41.61,359.61K,-0.57%
7-Aug-20,41.22,41.97,42.22,41.06,399.00K,-1.74%
10-Aug-20,41.94,41.5,42.33,41.17,367.80K,1.75%
11-Aug-20,41.61,41.98,42.94,41.48,432.84K,-0.79%
12-Aug-20,42.67,41.62,42.9,41.53,397.83K,2.55%
13-Aug-20,42.24,42.57,42.84,42.09,329.51K,-1.01%
14-Aug-20,42.01,42.33,42.57,41.62,310.87K,-0.54%
17-Aug-20,42.89,42.24,42.97,41.8,208.43K,2.09%
18-Aug-20,42.89,42.79,42.99,42.11,111.63K,0.00%
19-Aug-20,42.93,42.6,43.03,42.36,81.30K,0.09%
20-Aug-20,42.58,42.74,42.79,41.5,27.43K,-0.82%
21-Aug-20,42.34,42.75,42.96,41.46,345.37K,-0.56%
24-Aug-20,42.62,42.48,42.89,42.23,294.73K,0.66%
25-Aug-20,43.35,42.36,43.57,42.31,330.80K,1.71%
26-Aug-20,43.39,43.39,43.78,43,262.24K,0.09%
27-Aug-20,43.04,43.45,43.5,42.36,320.97K,-0.81%
28-Aug-20,42.97,42.98,43.42,42.69,272.80K,-0.16%
31-Aug-20,42.61,42.91,43.57,42.56,236.88K,-0.84%
1-Sep-20,42.76,42.83,43.43,42.72,285.15K,0.35%
2-Sep-20,41.51,43.02,43.21,41.23,421.77K,-2.92%
3-Sep-20,41.37,41.63,41.79,40.22,417.63K,-0.34%
4-Sep-20,39.77,41.25,41.87,39.35,444.18K,-3.87%
6-Sep-20,38.75,39.47,39.48,38.57,-,-2.56%
7-Sep-20,39.2,38.77,39.53,38.77,-,1.16%
8-Sep-20,36.76,39.48,39.59,36.13,720.98K,-6.22%
9-Sep-20,38.05,36.79,38.45,36.16,455.36K,3.51%
10-Sep-20,37.3,37.8,38.18,36.93,367.56K,-1.97%
11-Sep-20,37.33,37.01,37.82,36.67,363.79K,0.08%
14-Sep-20,37.26,37.32,37.68,36.82,347.56K,-0.19%
15-Sep-20,38.28,37.28,38.57,37.06,348.86K,2.74%
16-Sep-20,40.16,38.35,40.34,38.35,367.61K,4.91%
17-Sep-20,40.97,40.19,41.22,39.42,280.67K,2.02%
18-Sep-20,41.11,40.97,41.49,40.3,73.76K,0.34%
21-Sep-20,39.31,40.98,41.27,38.66,66.20K,-4.38%
22-Sep-20,39.6,39.63,40.02,39,23.22K,0.74%
23-Sep-20,39.93,39.76,40.75,39.26,318.75K,0.83%
24-Sep-20,40.31,39.6,40.37,39.12,269.99K,0.95%
25-Sep-20,40.25,40.15,40.64,39.71,229.03K,-0.15%
28-Sep-20,40.6,40.07,40.8,39.78,226.43K,0.87%
29-Sep-20,39.29,40.58,40.7,38.41,379.60K,-3.23%
30-Sep-20,40.22,39.16,40.37,38.68,340.29K,2.37%
1-Oct-20,38.72,39.9,40.47,37.61,443.44K,-3.73%
2-Oct-20,37.05,38.6,38.65,36.63,391.43K,-4.31%
5-Oct-20,39.22,37,39.72,37,378.58K,5.86%
6-Oct-20,40.67,39.35,40.86,39.1,400.53K,3.70%
7-Oct-20,39.95,39.83,40.35,39.28,433.07K,-1.77%
8-Oct-20,41.19,39.99,41.33,39.76,409.79K,3.10%
9-Oct-20,40.6,41.31,41.47,40.38,331.70K,-1.43%
12-Oct-20,39.43,40.4,40.45,39.04,322.04K,-2.88%
13-Oct-20,40.2,39.53,40.53,39.35,375.47K,1.95%
14-Oct-20,41.04,40.19,41.16,39.82,328.30K,2.09%
15-Oct-20,40.96,41.13,41.29,39.22,248.25K,-0.19%
16-Oct-20,40.88,40.88,41.05,40.08,96.49K,-0.20%
19-Oct-20,40.83,40.69,41.22,40.54,75.34K,-0.12%
20-Oct-20,41.46,40.65,41.7,40.25,24.52K,1.54%
21-Oct-20,40.03,41.22,41.59,39.78,366.90K,-3.45%
22-Oct-20,40.64,40.04,41.02,39.71,307.49K,1.52%
23-Oct-20,39.85,40.61,40.92,39.57,268.93K,-1.94%
26-Oct-20,38.56,39.69,39.74,38.28,360.18K,-3.24%
27-Oct-20,39.57,38.59,39.83,38.51,339.54K,2.62%
28-Oct-20,37.39,38.97,39.01,36.97,489.95K,-5.51%
29-Oct-20,36.17,37.39,37.76,34.92,568.82K,-3.26%
30-Oct-20,35.79,36.07,36.6,35.21,388.97K,-1.05%
2-Nov-20,36.81,35.24,37.15,33.64,489.20K,2.85%
3-Nov-20,37.66,37.03,38.32,36.57,410.61K,2.31%
4-Nov-20,39.15,38.15,39.25,37.26,437.00K,3.96%
5-Nov-20,38.79,39.17,39.35,38.27,298.37K,-0.92%
6-Nov-20,37.14,38.54,38.61,37.06,411.03K,-4.25%
9-Nov-20,40.29,37.34,41.33,37.16,622.92K,8.48%
10-Nov-20,41.36,39.91,41.84,39.41,457.05K,2.66%
11-Nov-20,41.45,41.79,43.06,41.32,443.77K,0.22%
12-Nov-20,41.12,41.47,42.19,40.87,401.03K,-0.80%
13-Nov-20,40.13,40.94,40.94,40.06,338.19K,-2.41%
16-Nov-20,41.34,40.17,42.09,40.15,378.79K,3.02%
17-Nov-20,41.43,41.44,41.69,40.57,243.68K,0.22%
18-Nov-20,41.82,41.35,42.46,41.08,107.01K,0.94%
19-Nov-20,41.74,41.61,41.98,41.08,88.14K,-0.19%
20-Nov-20,42.15,41.7,42.32,41.51,29.78K,0.98%
23-Nov-20,43.06,42.46,43.36,42.29,300.72K,2.16%
24-Nov-20,44.91,42.84,45.2,42.82,418.53K,4.30%
25-Nov-20,45.71,44.82,46.26,44.73,417.18K,1.78%
26-Nov-20,44.98,45.77,46.09,44.73,-,-1.60%
27-Nov-20,45.53,45.9,46.09,44.55,365.13K,1.22%
30-Nov-20,45.34,45.34,45.8,44.42,370.76K,-0.42%
1-Dec-20,44.55,45.08,45.7,44.12,314.92K,-1.74%
2-Dec-20,45.28,44.38,45.92,43.92,368.85K,1.64%
3-Dec-20,45.64,44.99,45.84,44.66,350.77K,0.80%
4-Dec-20,46.26,45.64,46.68,45.61,335.45K,1.36%
7-Dec-20,45.76,46.15,46.54,45.36,348.87K,-1.08%
8-Dec-20,45.6,45.66,45.93,45.14,332.64K,-0.35%
9-Dec-20,45.52,45.6,46.24,44.95,434.98K,-0.18%
10-Dec-20,46.78,45.69,47.74,45.52,447.53K,2.77%
11-Dec-20,46.57,46.97,47.29,46.34,367.31K,-0.45%
14-Dec-20,46.99,46.73,47.44,45.69,403.54K,0.90%
15-Dec-20,47.62,46.99,47.73,46.54,311.17K,1.34%
16-Dec-20,47.82,47.6,47.94,47.17,275.33K,0.42%
17-Dec-20,48.36,47.85,48.59,47.81,96.54K,1.13%
18-Dec-20,49.1,48.43,49.28,48.1,83.71K,1.53%
21-Dec-20,47.74,48.54,48.61,46.18,27.96K,-2.77%
22-Dec-20,47.02,47.93,47.96,46.6,295.74K,-1.51%
23-Dec-20,48.12,46.79,48.5,46.16,344.31K,2.34%
24-Dec-20,48.23,48.09,48.62,47.56,167.39K,0.23%
28-Dec-20,47.62,48.23,48.96,47.5,238.46K,-1.26%
29-Dec-20,48,47.72,48.35,47.68,213.78K,0.80%
30-Dec-20,48.4,48.13,48.66,47.61,266.96K,0.83%
31-Dec-20,48.52,48.35,48.58,47.77,181.89K,0.25%
